Inventory_ID,Restaurant_Name,Item_Name,Order_Date,Delivery_Date,Quantity_Ordered,Current_Stock,Reorder_Level,Unit_Price,Total_Cost,Last_Updated
I000001,Savory Bites,Coffee Powder,2023-01-01,2023-01-03,91,141,58,0.88,80.08,2023-01-01 08:00
I000002,Savory Bites,Veggies,2023-01-01,2023-01-03,183,84,56,1.11,203.13,2023-01-01 03:00
I000003,Savory Bites,Consumables,2023-01-01,2023-01-02,202,77,58,3.25,656.5,2023-01-01 02:00
I000004,Urban Feast,Coffee Powder,2023-01-01,2023-01-03,170,37,54,0.58,98.6,2023-01-01 05:00
I000005,Urban Feast,Veggies,2023-01-01,2023-01-02,215,129,62,1.03,221.45,2023-01-01 01:00
I000006,Urban Feast,Consumables,2023-01-01,2023-01-01,251,52,48,2.83,710.33,2023-01-01 13:00
I000007,Gourmet Haven,Coffee Powder,2023-01-01,2023-01-01,267,148,33,0.72,192.24,2023-01-01 00:00
I000008,Gourmet Haven,Veggies,2023-01-01,2023-01-02,119,129,63,1.62,192.78,2023-01-01 02:00
I000009,Gourmet Haven,Consumables,2023-01-01,2023-01-03,279,56,54,2.89,806.31,2023-01-01 23:00
I000010,Savory Bites,Coffee Powder,2023-01-08,2023-01-08,183,33,61,0.69,126.27,2023-01-08 17:00
I000011,Savory Bites,Veggies,2023-01-08,2023-01-10,267,34,53,1.22,325.74,2023-01-08 15:00
I000012,Savory Bites,Consumables,2023-01-08,2023-01-09,141,65,51,3.14,442.74,2023-01-08 10:00
I000013,Urban Feast,Coffee Powder,2023-01-08,2023-01-10,187,81,31,0.93,173.91,2023-01-08 21:00
I000014,Urban Feast,Veggies,2023-01-08,2023-01-09,116,57,56,1.94,225.04,2023-01-08 12:00
I000015,Urban Feast,Consumables,2023-01-08,2023-01-09,144,91,65,4.0,576.0,2023-01-08 11:00
I000016,Gourmet Haven,Coffee Powder,2023-01-08,2023-01-09,64,31,40,0.99,63.36,2023-01-08 07:00
I000017,Gourmet Haven,Veggies,2023-01-08,2023-01-10,204,128,67,1.24,252.96,2023-01-08 20:00
I000018,Gourmet Haven,Consumables,2023-01-08,2023-01-08,216,134,37,3.33,719.28,2023-01-08 02:00
I000019,Savory Bites,Coffee Powder,2023-01-15,2023-01-15,154,104,41,0.53,81.62,2023-01-15 18:00
I000020,Savory Bites,Veggies,2023-01-15,2023-01-15,148,28,35,1.9,281.2,2023-01-15 00:00
I000021,Savory Bites,Consumables,2023-01-15,2023-01-17,210,111,50,2.59,543.9,2023-01-15 14:00
I000022,Urban Feast,Coffee Powder,2023-01-15,2023-01-16,188,43,63,0.71,133.48,2023-01-15 08:00
I000023,Urban Feast,Veggies,2023-01-15,2023-01-16,206,48,30,1.16,238.96,2023-01-15 16:00
I000024,Urban Feast,Consumables,2023-01-15,2023-01-16,130,56,51,3.82,496.6,2023-01-15 01:00
I000025,Gourmet Haven,Coffee Powder,2023-01-15,2023-01-16,191,148,67,0.89,169.99,2023-01-15 04:00
I000026,Gourmet Haven,Veggies,2023-01-15,2023-01-17,156,24,50,1.84,287.04,2023-01-15 14:00
I000027,Gourmet Haven,Consumables,2023-01-15,2023-01-17,187,133,34,2.53,473.11,2023-01-15 06:00
I000028,Savory Bites,Coffee Powder,2023-01-22,2023-01-24,92,134,49,0.64,58.88,2023-01-22 03:00
I000029,Savory Bites,Veggies,2023-01-22,2023-01-23,157,128,55,1.05,164.85,2023-01-22 08:00
I000030,Savory Bites,Consumables,2023-01-22,2023-01-22,58,104,56,2.22,128.76,2023-01-22 01:00
I000031,Urban Feast,Coffee Powder,2023-01-22,2023-01-22,105,48,67,0.94,98.7,2023-01-22 15:00
I000032,Urban Feast,Veggies,2023-01-22,2023-01-22,165,134,58,1.17,193.05,2023-01-22 15:00
I000033,Urban Feast,Consumables,2023-01-22,2023-01-24,178,128,67,3.1,551.8,2023-01-22 17:00
I000034,Gourmet Haven,Coffee Powder,2023-01-22,2023-01-22,145,87,58,0.78,113.1,2023-01-22 12:00
I000035,Gourmet Haven,Veggies,2023-01-22,2023-01-22,72,27,66,1.69,121.68,2023-01-22 21:00
I000036,Gourmet Haven,Consumables,2023-01-22,2023-01-24,236,77,32,2.57,606.52,2023-01-22 02:00
I000037,Savory Bites,Coffee Powder,2023-01-29,2023-01-29,270,53,49,0.65,175.5,2023-01-29 06:00
I000038,Savory Bites,Veggies,2023-01-29,2023-01-31,215,115,46,1.46,313.9,2023-01-29 05:00
I000039,Savory Bites,Consumables,2023-01-29,2023-01-31,264,110,44,2.36,623.04,2023-01-29 16:00
I000040,Urban Feast,Coffee Powder,2023-01-29,2023-01-30,289,51,55,0.54,156.06,2023-01-29 08:00
I000041,Urban Feast,Veggies,2023-01-29,2023-01-31,214,63,35,1.73,370.22,2023-01-29 23:00
I000042,Urban Feast,Consumables,2023-01-29,2023-01-30,174,124,54,3.61,628.14,2023-01-29 04:00
I000043,Gourmet Haven,Coffee Powder,2023-01-29,2023-01-31,139,54,30,0.68,94.52,2023-01-29 21:00
I000044,Gourmet Haven,Veggies,2023-01-29,2023-01-31,295,72,40,1.07,315.65,2023-01-29 06:00
I000045,Gourmet Haven,Consumables,2023-01-29,2023-01-30,216,90,36,2.89,624.24,2023-01-29 13:00
I000046,Savory Bites,Coffee Powder,2023-02-05,2023-02-07,296,41,36,0.55,162.8,2023-02-05 08:00
I000047,Savory Bites,Veggies,2023-02-05,2023-02-06,51,32,33,1.38,70.38,2023-02-05 00:00
I000048,Savory Bites,Consumables,2023-02-05,2023-02-06,136,86,51,2.73,371.28,2023-02-05 17:00
I000049,Urban Feast,Coffee Powder,2023-02-05,2023-02-05,97,115,49,0.56,54.32,2023-02-05 16:00
I000050,Urban Feast,Veggies,2023-02-05,2023-02-06,61,39,47,1.24,75.64,2023-02-05 11:00
I000051,Urban Feast,Consumables,2023-02-05,2023-02-06,205,102,41,3.32,680.6,2023-02-05 04:00
I000052,Gourmet Haven,Coffee Powder,2023-02-05,2023-02-06,118,118,32,0.97,114.46,2023-02-05 18:00
I000053,Gourmet Haven,Veggies,2023-02-05,2023-02-05,71,141,49,1.49,105.79,2023-02-05 05:00
I000054,Gourmet Haven,Consumables,2023-02-05,2023-02-07,183,94,65,2.54,464.82,2023-02-05 10:00
I000055,Savory Bites,Coffee Powder,2023-02-12,2023-02-14,281,91,34,0.69,193.89,2023-02-12 01:00
I000056,Savory Bites,Veggies,2023-02-12,2023-02-13,292,93,66,1.43,417.56,2023-02-12 03:00
I000057,Savory Bites,Consumables,2023-02-12,2023-02-13,97,107,68,2.62,254.14,2023-02-12 06:00
I000058,Urban Feast,Coffee Powder,2023-02-12,2023-02-14,270,100,31,0.76,205.2,2023-02-12 14:00
I000059,Urban Feast,Veggies,2023-02-12,2023-02-14,88,99,69,1.69,148.72,2023-02-12 18:00
I000060,Urban Feast,Consumables,2023-02-12,2023-02-12,96,111,43,2.18,209.28,2023-02-12 14:00
I000061,Gourmet Haven,Coffee Powder,2023-02-12,2023-02-13,73,87,66,0.7,51.1,2023-02-12 15:00
I000062,Gourmet Haven,Veggies,2023-02-12,2023-02-14,295,28,31,1.39,410.05,2023-02-12 20:00
I000063,Gourmet Haven,Consumables,2023-02-12,2023-02-12,66,67,56,3.42,225.72,2023-02-12 02:00
I000064,Savory Bites,Coffee Powder,2023-02-19,2023-02-20,290,34,37,1.0,290.0,2023-02-19 12:00
I000065,Savory Bites,Veggies,2023-02-19,2023-02-21,113,83,32,1.64,185.32,2023-02-19 13:00
I000066,Savory Bites,Consumables,2023-02-19,2023-02-19,91,25,39,2.73,248.43,2023-02-19 14:00
I000067,Urban Feast,Coffee Powder,2023-02-19,2023-02-21,245,69,45,0.79,193.55,2023-02-19 09:00
I000068,Urban Feast,Veggies,2023-02-19,2023-02-21,226,122,52,1.04,235.04,2023-02-19 19:00
I000069,Urban Feast,Consumables,2023-02-19,2023-02-19,152,35,48,2.62,398.24,2023-02-19 11:00
I000070,Gourmet Haven,Coffee Powder,2023-02-19,2023-02-20,271,49,58,0.96,260.16,2023-02-19 11:00
I000071,Gourmet Haven,Veggies,2023-02-19,2023-02-21,277,136,32,1.54,426.58,2023-02-19 23:00
I000072,Gourmet Haven,Consumables,2023-02-19,2023-02-19,206,89,63,2.92,601.52,2023-02-19 11:00
I000073,Savory Bites,Coffee Powder,2023-02-26,2023-02-26,123,125,31,0.75,92.25,2023-02-26 22:00
I000074,Savory Bites,Veggies,2023-02-26,2023-02-28,79,71,67,1.66,131.14,2023-02-26 17:00
I000075,Savory Bites,Consumables,2023-02-26,2023-02-28,290,53,33,2.31,669.9,2023-02-26 04:00
I000076,Urban Feast,Coffee Powder,2023-02-26,2023-02-28,168,120,41,0.92,154.56,2023-02-26 09:00
I000077,Urban Feast,Veggies,2023-02-26,2023-02-26,115,64,65,1.5,172.5,2023-02-26 11:00
I000078,Urban Feast,Consumables,2023-02-26,2023-02-27,138,67,33,3.44,474.72,2023-02-26 15:00
I000079,Gourmet Haven,Coffee Powder,2023-02-26,2023-02-27,272,96,54,0.76,206.72,2023-02-26 21:00
I000080,Gourmet Haven,Veggies,2023-02-26,2023-02-27,105,139,46,1.38,144.9,2023-02-26 16:00
I000081,Gourmet Haven,Consumables,2023-02-26,2023-02-27,111,54,40,2.07,229.77,2023-02-26 04:00
I000082,Savory Bites,Coffee Powder,2023-03-05,2023-03-05,216,98,42,0.8,172.8,2023-03-05 21:00
I000083,Savory Bites,Veggies,2023-03-05,2023-03-06,206,125,48,1.5,309.0,2023-03-05 09:00
I000084,Savory Bites,Consumables,2023-03-05,2023-03-05,277,68,34,3.79,1049.83,2023-03-05 19:00
I000085,Urban Feast,Coffee Powder,2023-03-05,2023-03-07,162,139,42,0.95,153.9,2023-03-05 19:00
I000086,Urban Feast,Veggies,2023-03-05,2023-03-06,65,77,45,1.84,119.6,2023-03-05 19:00
I000087,Urban Feast,Consumables,2023-03-05,2023-03-07,236,122,55,2.36,556.96,2023-03-05 14:00
I000088,Gourmet Haven,Coffee Powder,2023-03-05,2023-03-05,289,86,61,0.63,182.07,2023-03-05 01:00
I000089,Gourmet Haven,Veggies,2023-03-05,2023-03-07,290,46,61,1.13,327.7,2023-03-05 12:00
I000090,Gourmet Haven,Consumables,2023-03-05,2023-03-07,272,22,65,3.15,856.8,2023-03-05 19:00
I000091,Savory Bites,Coffee Powder,2023-03-12,2023-03-13,76,78,36,0.85,64.6,2023-03-12 08:00
I000092,Savory Bites,Veggies,2023-03-12,2023-03-14,212,103,67,1.62,343.44,2023-03-12 14:00
I000093,Savory Bites,Consumables,2023-03-12,2023-03-12,86,33,41,2.63,226.18,2023-03-12 22:00
I000094,Urban Feast,Coffee Powder,2023-03-12,2023-03-13,258,53,49,0.8,206.4,2023-03-12 19:00
I000095,Urban Feast,Veggies,2023-03-12,2023-03-12,71,122,50,1.27,90.17,2023-03-12 07:00
I000096,Urban Feast,Consumables,2023-03-12,2023-03-13,86,32,69,3.1,266.6,2023-03-12 22:00
I000097,Gourmet Haven,Coffee Powder,2023-03-12,2023-03-12,245,62,56,0.89,218.05,2023-03-12 00:00
I000098,Gourmet Haven,Veggies,2023-03-12,2023-03-13,63,76,30,1.11,69.93,2023-03-12 08:00
I000099,Gourmet Haven,Consumables,2023-03-12,2023-03-14,208,136,57,2.77,576.16,2023-03-12 19:00
I000100,Savory Bites,Coffee Powder,2023-03-19,2023-03-20,169,85,32,0.8,135.2,2023-03-19 02:00
I000101,Savory Bites,Veggies,2023-03-19,2023-03-20,250,20,42,1.3,325.0,2023-03-19 06:00
I000102,Savory Bites,Consumables,2023-03-19,2023-03-20,224,84,66,2.54,568.96,2023-03-19 02:00
I000103,Urban Feast,Coffee Powder,2023-03-19,2023-03-19,240,114,61,0.75,180.0,2023-03-19 17:00
I000104,Urban Feast,Veggies,2023-03-19,2023-03-21,159,99,40,1.18,187.62,2023-03-19 18:00
I000105,Urban Feast,Consumables,2023-03-19,2023-03-20,98,147,34,2.3,225.4,2023-03-19 15:00
I000106,Gourmet Haven,Coffee Powder,2023-03-19,2023-03-19,83,52,70,0.68,56.44,2023-03-19 07:00
I000107,Gourmet Haven,Veggies,2023-03-19,2023-03-19,102,91,55,1.85,188.7,2023-03-19 08:00
I000108,Gourmet Haven,Consumables,2023-03-19,2023-03-21,174,101,65,3.14,546.36,2023-03-19 19:00
I000109,Savory Bites,Coffee Powder,2023-03-26,2023-03-27,183,49,70,0.83,151.89,2023-03-26 19:00
I000110,Savory Bites,Veggies,2023-03-26,2023-03-26,71,70,41,1.74,123.54,2023-03-26 11:00
I000111,Savory Bites,Consumables,2023-03-26,2023-03-27,82,59,45,2.87,235.34,2023-03-26 10:00
I000112,Urban Feast,Coffee Powder,2023-03-26,2023-03-27,222,49,42,0.84,186.48,2023-03-26 08:00
I000113,Urban Feast,Veggies,2023-03-26,2023-03-26,64,146,31,1.56,99.84,2023-03-26 18:00
I000114,Urban Feast,Consumables,2023-03-26,2023-03-27,129,143,56,3.47,447.63,2023-03-26 15:00
I000115,Gourmet Haven,Coffee Powder,2023-03-26,2023-03-28,128,46,63,0.85,108.8,2023-03-26 08:00
I000116,Gourmet Haven,Veggies,2023-03-26,2023-03-28,233,149,54,1.69,393.77,2023-03-26 17:00
I000117,Gourmet Haven,Consumables,2023-03-26,2023-03-27,220,51,35,3.8,836.0,2023-03-26 15:00
I000118,Savory Bites,Coffee Powder,2023-04-02,2023-04-02,146,58,51,0.76,110.96,2023-04-02 14:00
I000119,Savory Bites,Veggies,2023-04-02,2023-04-03,90,72,33,1.96,176.4,2023-04-02 16:00
I000120,Savory Bites,Consumables,2023-04-02,2023-04-03,269,84,54,2.51,675.19,2023-04-02 07:00
I000121,Urban Feast,Coffee Powder,2023-04-02,2023-04-03,282,119,49,0.77,217.14,2023-04-02 19:00
I000122,Urban Feast,Veggies,2023-04-02,2023-04-04,140,88,36,1.17,163.8,2023-04-02 17:00
I000123,Urban Feast,Consumables,2023-04-02,2023-04-03,119,131,62,2.61,310.59,2023-04-02 17:00
I000124,Gourmet Haven,Coffee Powder,2023-04-02,2023-04-02,152,58,32,0.97,147.44,2023-04-02 20:00
I000125,Gourmet Haven,Veggies,2023-04-02,2023-04-04,248,100,55,1.3,322.4,2023-04-02 08:00
I000126,Gourmet Haven,Consumables,2023-04-02,2023-04-03,174,137,35,2.19,381.06,2023-04-02 16:00
I000127,Savory Bites,Coffee Powder,2023-04-09,2023-04-10,109,23,31,0.94,102.46,2023-04-09 15:00
I000128,Savory Bites,Veggies,2023-04-09,2023-04-10,255,137,55,1.73,441.15,2023-04-09 22:00
I000129,Savory Bites,Consumables,2023-04-09,2023-04-10,268,52,36,3.15,844.2,2023-04-09 04:00
I000130,Urban Feast,Coffee Powder,2023-04-09,2023-04-11,265,143,49,0.73,193.45,2023-04-09 15:00
I000131,Urban Feast,Veggies,2023-04-09,2023-04-10,234,83,59,1.21,283.14,2023-04-09 20:00
I000132,Urban Feast,Consumables,2023-04-09,2023-04-09,244,49,48,3.54,863.76,2023-04-09 03:00
I000133,Gourmet Haven,Coffee Powder,2023-04-09,2023-04-11,202,77,39,0.57,115.14,2023-04-09 20:00
I000134,Gourmet Haven,Veggies,2023-04-09,2023-04-09,286,136,43,1.09,311.74,2023-04-09 12:00
I000135,Gourmet Haven,Consumables,2023-04-09,2023-04-09,97,145,34,3.86,374.42,2023-04-09 02:00
I000136,Savory Bites,Coffee Powder,2023-04-16,2023-04-17,221,131,46,0.53,117.13,2023-04-16 15:00
I000137,Savory Bites,Veggies,2023-04-16,2023-04-17,123,139,49,1.56,191.88,2023-04-16 18:00
I000138,Savory Bites,Consumables,2023-04-16,2023-04-18,195,148,70,3.6,702.0,2023-04-16 07:00
I000139,Urban Feast,Coffee Powder,2023-04-16,2023-04-18,70,125,70,0.55,38.5,2023-04-16 14:00
I000140,Urban Feast,Veggies,2023-04-16,2023-04-17,293,96,40,1.14,334.02,2023-04-16 18:00
I000141,Urban Feast,Consumables,2023-04-16,2023-04-16,194,46,49,2.72,527.68,2023-04-16 18:00
I000142,Gourmet Haven,Coffee Powder,2023-04-16,2023-04-17,207,112,70,0.52,107.64,2023-04-16 19:00
I000143,Gourmet Haven,Veggies,2023-04-16,2023-04-17,140,82,36,1.8,252.0,2023-04-16 17:00
I000144,Gourmet Haven,Consumables,2023-04-16,2023-04-17,269,65,51,2.75,739.75,2023-04-16 18:00
I000145,Savory Bites,Coffee Powder,2023-04-23,2023-04-25,278,126,31,0.71,197.38,2023-04-23 05:00
I000146,Savory Bites,Veggies,2023-04-23,2023-04-23,52,149,43,1.47,76.44,2023-04-23 04:00
I000147,Savory Bites,Consumables,2023-04-23,2023-04-24,85,126,38,2.6,221.0,2023-04-23 19:00
I000148,Urban Feast,Coffee Powder,2023-04-23,2023-04-23,91,112,59,0.73,66.43,2023-04-23 12:00
I000149,Urban Feast,Veggies,2023-04-23,2023-04-23,188,63,51,1.18,221.84,2023-04-23 21:00
I000150,Urban Feast,Consumables,2023-04-23,2023-04-23,183,112,46,3.1,567.3,2023-04-23 07:00
I000151,Gourmet Haven,Coffee Powder,2023-04-23,2023-04-24,202,131,49,0.8,161.6,2023-04-23 17:00
I000152,Gourmet Haven,Veggies,2023-04-23,2023-04-25,244,36,33,1.4,341.6,2023-04-23 00:00
I000153,Gourmet Haven,Consumables,2023-04-23,2023-04-25,104,43,54,2.07,215.28,2023-04-23 07:00
I000154,Savory Bites,Coffee Powder,2023-04-30,2023-05-01,191,118,63,0.76,145.16,2023-04-30 14:00
I000155,Savory Bites,Veggies,2023-04-30,2023-05-01,222,35,43,1.92,426.24,2023-04-30 12:00
I000156,Savory Bites,Consumables,2023-04-30,2023-04-30,59,143,31,3.43,202.37,2023-04-30 07:00
I000157,Urban Feast,Coffee Powder,2023-04-30,2023-05-01,284,55,57,0.55,156.2,2023-04-30 23:00
I000158,Urban Feast,Veggies,2023-04-30,2023-04-30,246,114,38,1.96,482.16,2023-04-30 16:00
I000159,Urban Feast,Consumables,2023-04-30,2023-04-30,150,144,64,2.15,322.5,2023-04-30 10:00
I000160,Gourmet Haven,Coffee Powder,2023-04-30,2023-05-01,193,33,63,0.87,167.91,2023-04-30 15:00
I000161,Gourmet Haven,Veggies,2023-04-30,2023-05-01,271,99,66,1.74,471.54,2023-04-30 18:00
I000162,Gourmet Haven,Consumables,2023-04-30,2023-05-02,86,107,44,2.58,221.88,2023-04-30 06:00
I000163,Savory Bites,Coffee Powder,2023-05-07,2023-05-08,106,108,45,0.84,89.04,2023-05-07 10:00
I000164,Savory Bites,Veggies,2023-05-07,2023-05-07,64,20,46,1.9,121.6,2023-05-07 18:00
I000165,Savory Bites,Consumables,2023-05-07,2023-05-08,226,87,43,2.95,666.7,2023-05-07 16:00
I000166,Urban Feast,Coffee Powder,2023-05-07,2023-05-08,66,91,64,0.97,64.02,2023-05-07 04:00
I000167,Urban Feast,Veggies,2023-05-07,2023-05-09,120,39,56,1.35,162.0,2023-05-07 02:00
I000168,Urban Feast,Consumables,2023-05-07,2023-05-07,144,80,40,2.84,408.96,2023-05-07 21:00
I000169,Gourmet Haven,Coffee Powder,2023-05-07,2023-05-09,271,94,43,0.67,181.57,2023-05-07 08:00
I000170,Gourmet Haven,Veggies,2023-05-07,2023-05-09,88,81,39,1.61,141.68,2023-05-07 16:00
I000171,Gourmet Haven,Consumables,2023-05-07,2023-05-07,197,145,34,3.83,754.51,2023-05-07 21:00
I000172,Savory Bites,Coffee Powder,2023-05-14,2023-05-15,231,97,60,0.86,198.66,2023-05-14 20:00
I000173,Savory Bites,Veggies,2023-05-14,2023-05-16,223,70,52,1.34,298.82,2023-05-14 04:00
I000174,Savory Bites,Consumables,2023-05-14,2023-05-15,280,135,69,2.63,736.4,2023-05-14 05:00
I000175,Urban Feast,Coffee Powder,2023-05-14,2023-05-15,89,57,63,0.78,69.42,2023-05-14 11:00
I000176,Urban Feast,Veggies,2023-05-14,2023-05-15,111,115,58,1.48,164.28,2023-05-14 20:00
I000177,Urban Feast,Consumables,2023-05-14,2023-05-14,283,124,52,2.22,628.26,2023-05-14 13:00
I000178,Gourmet Haven,Coffee Powder,2023-05-14,2023-05-14,159,56,36,0.88,139.92,2023-05-14 17:00
I000179,Gourmet Haven,Veggies,2023-05-14,2023-05-14,220,61,61,1.83,402.6,2023-05-14 05:00
I000180,Gourmet Haven,Consumables,2023-05-14,2023-05-14,266,23,37,3.36,893.76,2023-05-14 06:00
I000181,Savory Bites,Coffee Powder,2023-05-21,2023-05-22,50,39,49,0.65,32.5,2023-05-21 12:00
I000182,Savory Bites,Veggies,2023-05-21,2023-05-21,284,77,55,1.66,471.44,2023-05-21 00:00
I000183,Savory Bites,Consumables,2023-05-21,2023-05-23,239,48,61,3.99,953.61,2023-05-21 13:00
I000184,Urban Feast,Coffee Powder,2023-05-21,2023-05-23,195,103,52,0.57,111.15,2023-05-21 14:00
I000185,Urban Feast,Veggies,2023-05-21,2023-05-23,224,64,53,1.3,291.2,2023-05-21 16:00
I000186,Urban Feast,Consumables,2023-05-21,2023-05-23,149,61,60,3.22,479.78,2023-05-21 09:00
I000187,Gourmet Haven,Coffee Powder,2023-05-21,2023-05-23,176,149,64,0.98,172.48,2023-05-21 02:00
I000188,Gourmet Haven,Veggies,2023-05-21,2023-05-21,174,74,32,1.46,254.04,2023-05-21 13:00
I000189,Gourmet Haven,Consumables,2023-05-21,2023-05-22,141,134,49,2.93,413.13,2023-05-21 14:00
I000190,Savory Bites,Coffee Powder,2023-05-28,2023-05-29,87,100,70,0.83,72.21,2023-05-28 23:00
I000191,Savory Bites,Veggies,2023-05-28,2023-05-30,285,98,58,1.52,433.2,2023-05-28 02:00
I000192,Savory Bites,Consumables,2023-05-28,2023-05-28,245,89,47,2.24,548.8,2023-05-28 11:00
I000193,Urban Feast,Coffee Powder,2023-05-28,2023-05-29,86,142,54,0.64,55.04,2023-05-28 17:00
I000194,Urban Feast,Veggies,2023-05-28,2023-05-29,77,60,57,1.15,88.55,2023-05-28 17:00
I000195,Urban Feast,Consumables,2023-05-28,2023-05-28,279,140,52,3.93,1096.47,2023-05-28 03:00
I000196,Gourmet Haven,Coffee Powder,2023-05-28,2023-05-28,282,115,36,0.81,228.42,2023-05-28 18:00
I000197,Gourmet Haven,Veggies,2023-05-28,2023-05-30,120,86,32,1.45,174.0,2023-05-28 12:00
I000198,Gourmet Haven,Consumables,2023-05-28,2023-05-30,230,38,34,2.21,508.3,2023-05-28 06:00
I000199,Savory Bites,Coffee Powder,2023-06-04,2023-06-05,274,86,49,0.71,194.54,2023-06-04 18:00
I000200,Savory Bites,Veggies,2023-06-04,2023-06-06,287,141,58,1.76,505.12,2023-06-04 11:00
I000201,Savory Bites,Consumables,2023-06-04,2023-06-05,104,104,65,3.0,312.0,2023-06-04 20:00
I000202,Urban Feast,Coffee Powder,2023-06-04,2023-06-05,115,81,39,0.73,83.95,2023-06-04 12:00
I000203,Urban Feast,Veggies,2023-06-04,2023-06-05,287,148,58,1.41,404.67,2023-06-04 00:00
I000204,Urban Feast,Consumables,2023-06-04,2023-06-05,280,43,39,2.77,775.6,2023-06-04 21:00
I000205,Gourmet Haven,Coffee Powder,2023-06-04,2023-06-06,71,129,45,0.7,49.7,2023-06-04 23:00
I000206,Gourmet Haven,Veggies,2023-06-04,2023-06-06,158,34,30,1.91,301.78,2023-06-04 11:00
I000207,Gourmet Haven,Consumables,2023-06-04,2023-06-05,261,81,51,3.69,963.09,2023-06-04 19:00
I000208,Savory Bites,Coffee Powder,2023-06-11,2023-06-11,78,137,58,0.62,48.36,2023-06-11 23:00
I000209,Savory Bites,Veggies,2023-06-11,2023-06-13,165,52,51,1.09,179.85,2023-06-11 01:00
I000210,Savory Bites,Consumables,2023-06-11,2023-06-11,131,54,46,3.66,479.46,2023-06-11 08:00
I000211,Urban Feast,Coffee Powder,2023-06-11,2023-06-13,289,101,35,0.7,202.3,2023-06-11 20:00
I000212,Urban Feast,Veggies,2023-06-11,2023-06-12,260,89,58,1.89,491.4,2023-06-11 19:00
I000213,Urban Feast,Consumables,2023-06-11,2023-06-13,297,112,55,3.31,983.07,2023-06-11 19:00
I000214,Gourmet Haven,Coffee Powder,2023-06-11,2023-06-12,274,86,56,0.65,178.1,2023-06-11 03:00
I000215,Gourmet Haven,Veggies,2023-06-11,2023-06-11,212,65,31,1.88,398.56,2023-06-11 06:00
I000216,Gourmet Haven,Consumables,2023-06-11,2023-06-13,184,112,40,3.13,575.92,2023-06-11 22:00
I000217,Savory Bites,Coffee Powder,2023-06-18,2023-06-20,132,75,56,0.61,80.52,2023-06-18 03:00
I000218,Savory Bites,Veggies,2023-06-18,2023-06-20,61,103,39,1.68,102.48,2023-06-18 11:00
I000219,Savory Bites,Consumables,2023-06-18,2023-06-19,191,47,51,3.63,693.33,2023-06-18 22:00
I000220,Urban Feast,Coffee Powder,2023-06-18,2023-06-18,226,85,68,0.98,221.48,2023-06-18 13:00
I000221,Urban Feast,Veggies,2023-06-18,2023-06-20,218,62,42,1.96,427.28,2023-06-18 10:00
I000222,Urban Feast,Consumables,2023-06-18,2023-06-18,206,75,43,2.68,552.08,2023-06-18 09:00
I000223,Gourmet Haven,Coffee Powder,2023-06-18,2023-06-18,216,146,45,0.55,118.8,2023-06-18 02:00
I000224,Gourmet Haven,Veggies,2023-06-18,2023-06-18,211,63,59,1.25,263.75,2023-06-18 01:00
I000225,Gourmet Haven,Consumables,2023-06-18,2023-06-18,168,115,39,3.48,584.64,2023-06-18 06:00
I000226,Savory Bites,Coffee Powder,2023-06-25,2023-06-26,271,97,44,0.7,189.7,2023-06-25 02:00
I000227,Savory Bites,Veggies,2023-06-25,2023-06-27,265,39,53,1.33,352.45,2023-06-25 11:00
I000228,Savory Bites,Consumables,2023-06-25,2023-06-27,114,57,32,3.52,401.28,2023-06-25 01:00
I000229,Urban Feast,Coffee Powder,2023-06-25,2023-06-27,226,35,62,0.69,155.94,2023-06-25 09:00
I000230,Urban Feast,Veggies,2023-06-25,2023-06-27,200,31,30,1.59,318.0,2023-06-25 02:00
I000231,Urban Feast,Consumables,2023-06-25,2023-06-27,155,62,52,2.42,375.1,2023-06-25 06:00
I000232,Gourmet Haven,Coffee Powder,2023-06-25,2023-06-26,143,111,69,0.57,81.51,2023-06-25 10:00
I000233,Gourmet Haven,Veggies,2023-06-25,2023-06-25,57,38,55,1.24,70.68,2023-06-25 01:00
I000234,Gourmet Haven,Consumables,2023-06-25,2023-06-26,223,105,50,3.93,876.39,2023-06-25 17:00
I000235,Savory Bites,Coffee Powder,2023-07-02,2023-07-02,281,24,34,0.77,216.37,2023-07-02 03:00
I000236,Savory Bites,Veggies,2023-07-02,2023-07-02,82,79,43,1.61,132.02,2023-07-02 03:00
I000237,Savory Bites,Consumables,2023-07-02,2023-07-03,243,26,48,3.31,804.33,2023-07-02 12:00
I000238,Urban Feast,Coffee Powder,2023-07-02,2023-07-03,113,49,64,0.55,62.15,2023-07-02 18:00
I000239,Urban Feast,Veggies,2023-07-02,2023-07-03,92,127,54,1.54,141.68,2023-07-02 22:00
I000240,Urban Feast,Consumables,2023-07-02,2023-07-02,50,42,34,2.91,145.5,2023-07-02 01:00
I000241,Gourmet Haven,Coffee Powder,2023-07-02,2023-07-04,175,92,38,0.58,101.5,2023-07-02 15:00
I000242,Gourmet Haven,Veggies,2023-07-02,2023-07-02,134,57,43,1.95,261.3,2023-07-02 09:00
I000243,Gourmet Haven,Consumables,2023-07-02,2023-07-03,229,85,34,2.07,474.03,2023-07-02 12:00
I000244,Savory Bites,Coffee Powder,2023-07-09,2023-07-11,249,113,41,0.68,169.32,2023-07-09 04:00
I000245,Savory Bites,Veggies,2023-07-09,2023-07-10,194,45,47,1.6,310.4,2023-07-09 03:00
I000246,Savory Bites,Consumables,2023-07-09,2023-07-10,167,28,58,2.02,337.34,2023-07-09 10:00
I000247,Urban Feast,Coffee Powder,2023-07-09,2023-07-09,286,58,44,0.98,280.28,2023-07-09 04:00
I000248,Urban Feast,Veggies,2023-07-09,2023-07-11,193,143,36,1.13,218.09,2023-07-09 04:00
I000249,Urban Feast,Consumables,2023-07-09,2023-07-09,270,58,39,3.17,855.9,2023-07-09 06:00
I000250,Gourmet Haven,Coffee Powder,2023-07-09,2023-07-10,71,30,61,0.78,55.38,2023-07-09 09:00
I000251,Gourmet Haven,Veggies,2023-07-09,2023-07-10,234,141,63,1.9,444.6,2023-07-09 14:00
I000252,Gourmet Haven,Consumables,2023-07-09,2023-07-11,244,68,55,3.0,732.0,2023-07-09 21:00
I000253,Savory Bites,Coffee Powder,2023-07-16,2023-07-18,213,120,34,0.62,132.06,2023-07-16 10:00
I000254,Savory Bites,Veggies,2023-07-16,2023-07-17,89,147,61,1.82,161.98,2023-07-16 01:00
I000255,Savory Bites,Consumables,2023-07-16,2023-07-16,53,45,39,2.87,152.11,2023-07-16 20:00
I000256,Urban Feast,Coffee Powder,2023-07-16,2023-07-18,232,74,59,0.98,227.36,2023-07-16 05:00
I000257,Urban Feast,Veggies,2023-07-16,2023-07-18,150,42,39,1.3,195.0,2023-07-16 15:00
I000258,Urban Feast,Consumables,2023-07-16,2023-07-17,251,140,51,2.86,717.86,2023-07-16 03:00
I000259,Gourmet Haven,Coffee Powder,2023-07-16,2023-07-18,132,78,60,0.87,114.84,2023-07-16 14:00
I000260,Gourmet Haven,Veggies,2023-07-16,2023-07-17,261,82,38,1.8,469.8,2023-07-16 11:00
I000261,Gourmet Haven,Consumables,2023-07-16,2023-07-18,161,131,56,3.95,635.95,2023-07-16 00:00
I000262,Savory Bites,Coffee Powder,2023-07-23,2023-07-24,276,132,40,0.5,138.0,2023-07-23 20:00
I000263,Savory Bites,Veggies,2023-07-23,2023-07-25,297,64,44,1.52,451.44,2023-07-23 19:00
I000264,Savory Bites,Consumables,2023-07-23,2023-07-24,255,116,45,2.13,543.15,2023-07-23 23:00
I000265,Urban Feast,Coffee Powder,2023-07-23,2023-07-25,178,106,31,0.82,145.96,2023-07-23 09:00
I000266,Urban Feast,Veggies,2023-07-23,2023-07-24,227,146,31,1.07,242.89,2023-07-23 03:00
I000267,Urban Feast,Consumables,2023-07-23,2023-07-23,239,81,58,2.05,489.95,2023-07-23 01:00
I000268,Gourmet Haven,Coffee Powder,2023-07-23,2023-07-23,210,45,34,0.58,121.8,2023-07-23 17:00
I000269,Gourmet Haven,Veggies,2023-07-23,2023-07-25,265,62,53,1.51,400.15,2023-07-23 21:00
I000270,Gourmet Haven,Consumables,2023-07-23,2023-07-24,202,41,47,3.63,733.26,2023-07-23 17:00
I000271,Savory Bites,Coffee Powder,2023-07-30,2023-07-31,99,109,59,0.99,98.01,2023-07-30 07:00
I000272,Savory Bites,Veggies,2023-07-30,2023-07-31,62,133,43,1.91,118.42,2023-07-30 22:00
I000273,Savory Bites,Consumables,2023-07-30,2023-07-31,86,70,61,2.99,257.14,2023-07-30 05:00
I000274,Urban Feast,Coffee Powder,2023-07-30,2023-08-01,213,26,35,0.68,144.84,2023-07-30 04:00
I000275,Urban Feast,Veggies,2023-07-30,2023-07-31,71,78,57,1.41,100.11,2023-07-30 00:00
I000276,Urban Feast,Consumables,2023-07-30,2023-07-31,145,136,57,3.86,559.7,2023-07-30 20:00
I000277,Gourmet Haven,Coffee Powder,2023-07-30,2023-07-30,59,77,57,0.9,53.1,2023-07-30 03:00
I000278,Gourmet Haven,Veggies,2023-07-30,2023-07-30,97,69,49,1.23,119.31,2023-07-30 19:00
I000279,Gourmet Haven,Consumables,2023-07-30,2023-07-31,214,90,34,3.04,650.56,2023-07-30 20:00
I000280,Savory Bites,Coffee Powder,2023-08-06,2023-08-06,178,31,67,0.63,112.14,2023-08-06 13:00
I000281,Savory Bites,Veggies,2023-08-06,2023-08-07,187,33,45,1.95,364.65,2023-08-06 10:00
I000282,Savory Bites,Consumables,2023-08-06,2023-08-07,124,138,35,2.04,252.96,2023-08-06 00:00
I000283,Urban Feast,Coffee Powder,2023-08-06,2023-08-07,193,58,45,0.84,162.12,2023-08-06 12:00
I000284,Urban Feast,Veggies,2023-08-06,2023-08-06,177,120,49,1.62,286.74,2023-08-06 02:00
I000285,Urban Feast,Consumables,2023-08-06,2023-08-08,97,76,35,2.45,237.65,2023-08-06 18:00
I000286,Gourmet Haven,Coffee Powder,2023-08-06,2023-08-08,78,123,59,0.51,39.78,2023-08-06 09:00
I000287,Gourmet Haven,Veggies,2023-08-06,2023-08-06,160,26,41,1.06,169.6,2023-08-06 03:00
I000288,Gourmet Haven,Consumables,2023-08-06,2023-08-07,118,57,54,3.09,364.62,2023-08-06 23:00
I000289,Savory Bites,Coffee Powder,2023-08-13,2023-08-15,109,125,55,0.7,76.3,2023-08-13 17:00
I000290,Savory Bites,Veggies,2023-08-13,2023-08-15,277,132,68,1.09,301.93,2023-08-13 00:00
I000291,Savory Bites,Consumables,2023-08-13,2023-08-15,287,133,48,3.18,912.66,2023-08-13 14:00
I000292,Urban Feast,Coffee Powder,2023-08-13,2023-08-14,74,132,66,0.81,59.94,2023-08-13 21:00
I000293,Urban Feast,Veggies,2023-08-13,2023-08-15,85,80,45,1.51,128.35,2023-08-13 12:00
I000294,Urban Feast,Consumables,2023-08-13,2023-08-14,269,63,56,3.28,882.32,2023-08-13 23:00
I000295,Gourmet Haven,Coffee Powder,2023-08-13,2023-08-13,223,52,62,0.86,191.78,2023-08-13 22:00
I000296,Gourmet Haven,Veggies,2023-08-13,2023-08-13,60,136,49,2.0,120.0,2023-08-13 11:00
I000297,Gourmet Haven,Consumables,2023-08-13,2023-08-13,246,83,49,3.5,861.0,2023-08-13 20:00
I000298,Savory Bites,Coffee Powder,2023-08-20,2023-08-20,283,121,48,0.63,178.29,2023-08-20 03:00
I000299,Savory Bites,Veggies,2023-08-20,2023-08-20,241,139,59,1.18,284.38,2023-08-20 23:00
I000300,Savory Bites,Consumables,2023-08-20,2023-08-21,180,67,53,3.97,714.6,2023-08-20 01:00
I000301,Urban Feast,Coffee Powder,2023-08-20,2023-08-21,261,30,32,0.98,255.78,2023-08-20 10:00
I000302,Urban Feast,Veggies,2023-08-20,2023-08-21,62,139,51,1.57,97.34,2023-08-20 12:00
I000303,Urban Feast,Consumables,2023-08-20,2023-08-22,268,40,51,2.52,675.36,2023-08-20 13:00
I000304,Gourmet Haven,Coffee Powder,2023-08-20,2023-08-22,225,147,36,0.81,182.25,2023-08-20 21:00
I000305,Gourmet Haven,Veggies,2023-08-20,2023-08-21,248,46,59,1.19,295.12,2023-08-20 14:00
I000306,Gourmet Haven,Consumables,2023-08-20,2023-08-20,277,76,67,3.97,1099.69,2023-08-20 11:00
I000307,Savory Bites,Coffee Powder,2023-08-27,2023-08-28,56,127,67,0.81,45.36,2023-08-27 10:00
I000308,Savory Bites,Veggies,2023-08-27,2023-08-29,128,120,47,1.24,158.72,2023-08-27 23:00
I000309,Savory Bites,Consumables,2023-08-27,2023-08-29,213,102,50,2.96,630.48,2023-08-27 00:00
I000310,Urban Feast,Coffee Powder,2023-08-27,2023-08-28,173,38,30,0.6,103.8,2023-08-27 00:00
I000311,Urban Feast,Veggies,2023-08-27,2023-08-28,165,95,31,1.92,316.8,2023-08-27 04:00
I000312,Urban Feast,Consumables,2023-08-27,2023-08-28,132,36,35,2.51,331.32,2023-08-27 07:00
I000313,Gourmet Haven,Coffee Powder,2023-08-27,2023-08-27,265,33,39,0.88,233.2,2023-08-27 16:00
I000314,Gourmet Haven,Veggies,2023-08-27,2023-08-28,278,128,31,1.95,542.1,2023-08-27 10:00
I000315,Gourmet Haven,Consumables,2023-08-27,2023-08-29,175,41,49,2.16,378.0,2023-08-27 17:00
I000316,Savory Bites,Coffee Powder,2023-09-03,2023-09-04,75,37,36,0.78,58.5,2023-09-03 16:00
I000317,Savory Bites,Veggies,2023-09-03,2023-09-03,147,84,65,1.6,235.2,2023-09-03 14:00
I000318,Savory Bites,Consumables,2023-09-03,2023-09-03,53,149,30,2.06,109.18,2023-09-03 15:00
I000319,Urban Feast,Coffee Powder,2023-09-03,2023-09-03,278,60,43,0.84,233.52,2023-09-03 12:00
I000320,Urban Feast,Veggies,2023-09-03,2023-09-03,270,125,57,1.78,480.6,2023-09-03 02:00
I000321,Urban Feast,Consumables,2023-09-03,2023-09-03,128,35,57,2.05,262.4,2023-09-03 21:00
I000322,Gourmet Haven,Coffee Powder,2023-09-03,2023-09-03,120,27,38,0.71,85.2,2023-09-03 14:00
I000323,Gourmet Haven,Veggies,2023-09-03,2023-09-04,122,30,68,1.22,148.84,2023-09-03 21:00
I000324,Gourmet Haven,Consumables,2023-09-03,2023-09-04,104,111,30,2.79,290.16,2023-09-03 18:00
I000325,Savory Bites,Coffee Powder,2023-09-10,2023-09-11,169,75,31,0.59,99.71,2023-09-10 12:00
I000326,Savory Bites,Veggies,2023-09-10,2023-09-11,153,36,55,1.72,263.16,2023-09-10 05:00
I000327,Savory Bites,Consumables,2023-09-10,2023-09-11,204,31,60,2.04,416.16,2023-09-10 11:00
I000328,Urban Feast,Coffee Powder,2023-09-10,2023-09-12,259,94,32,0.62,160.58,2023-09-10 12:00
I000329,Urban Feast,Veggies,2023-09-10,2023-09-11,118,90,62,1.23,145.14,2023-09-10 01:00
I000330,Urban Feast,Consumables,2023-09-10,2023-09-10,292,71,50,3.25,949.0,2023-09-10 02:00
I000331,Gourmet Haven,Coffee Powder,2023-09-10,2023-09-11,80,88,49,0.62,49.6,2023-09-10 21:00
I000332,Gourmet Haven,Veggies,2023-09-10,2023-09-10,54,149,43,1.56,84.24,2023-09-10 10:00
I000333,Gourmet Haven,Consumables,2023-09-10,2023-09-10,96,43,43,3.8,364.8,2023-09-10 09:00
I000334,Savory Bites,Coffee Powder,2023-09-17,2023-09-18,233,116,42,1.0,233.0,2023-09-17 10:00
I000335,Savory Bites,Veggies,2023-09-17,2023-09-17,263,128,32,1.54,405.02,2023-09-17 14:00
I000336,Savory Bites,Consumables,2023-09-17,2023-09-17,65,50,32,3.51,228.15,2023-09-17 06:00
I000337,Urban Feast,Coffee Powder,2023-09-17,2023-09-17,100,141,34,0.92,92.0,2023-09-17 17:00
I000338,Urban Feast,Veggies,2023-09-17,2023-09-19,92,60,52,1.13,103.96,2023-09-17 02:00
I000339,Urban Feast,Consumables,2023-09-17,2023-09-19,209,36,49,3.41,712.69,2023-09-17 19:00
I000340,Gourmet Haven,Coffee Powder,2023-09-17,2023-09-19,141,107,68,0.61,86.01,2023-09-17 16:00
I000341,Gourmet Haven,Veggies,2023-09-17,2023-09-17,195,48,66,1.58,308.1,2023-09-17 13:00
I000342,Gourmet Haven,Consumables,2023-09-17,2023-09-17,65,21,55,3.21,208.65,2023-09-17 07:00
I000343,Savory Bites,Coffee Powder,2023-09-24,2023-09-24,67,77,48,0.85,56.95,2023-09-24 17:00
I000344,Savory Bites,Veggies,2023-09-24,2023-09-26,202,117,69,1.58,319.16,2023-09-24 12:00
I000345,Savory Bites,Consumables,2023-09-24,2023-09-24,92,35,54,2.63,241.96,2023-09-24 21:00
I000346,Urban Feast,Coffee Powder,2023-09-24,2023-09-25,260,74,36,0.89,231.4,2023-09-24 02:00
I000347,Urban Feast,Veggies,2023-09-24,2023-09-26,95,134,30,1.95,185.25,2023-09-24 07:00
I000348,Urban Feast,Consumables,2023-09-24,2023-09-25,186,100,41,2.57,478.02,2023-09-24 09:00
I000349,Gourmet Haven,Coffee Powder,2023-09-24,2023-09-26,291,130,64,0.56,162.96,2023-09-24 05:00
I000350,Gourmet Haven,Veggies,2023-09-24,2023-09-26,172,125,59,1.4,240.8,2023-09-24 16:00
I000351,Gourmet Haven,Consumables,2023-09-24,2023-09-25,274,37,69,3.98,1090.52,2023-09-24 10:00
I000352,Savory Bites,Coffee Powder,2023-10-01,2023-10-02,125,150,36,0.93,116.25,2023-10-01 07:00
I000353,Savory Bites,Veggies,2023-10-01,2023-10-01,219,36,65,1.76,385.44,2023-10-01 06:00
I000354,Savory Bites,Consumables,2023-10-01,2023-10-03,168,73,37,2.59,435.12,2023-10-01 23:00
I000355,Urban Feast,Coffee Powder,2023-10-01,2023-10-02,131,44,43,0.54,70.74,2023-10-01 07:00
I000356,Urban Feast,Veggies,2023-10-01,2023-10-01,154,22,45,1.39,214.06,2023-10-01 22:00
I000357,Urban Feast,Consumables,2023-10-01,2023-10-01,268,144,44,3.87,1037.16,2023-10-01 21:00
I000358,Gourmet Haven,Coffee Powder,2023-10-01,2023-10-01,116,107,42,0.98,113.68,2023-10-01 08:00
I000359,Gourmet Haven,Veggies,2023-10-01,2023-10-03,257,45,70,1.58,406.06,2023-10-01 00:00
I000360,Gourmet Haven,Consumables,2023-10-01,2023-10-03,165,142,34,3.21,529.65,2023-10-01 01:00
I000361,Savory Bites,Coffee Powder,2023-10-08,2023-10-08,195,36,36,0.75,146.25,2023-10-08 05:00
I000362,Savory Bites,Veggies,2023-10-08,2023-10-10,281,106,53,1.11,311.91,2023-10-08 20:00
I000363,Savory Bites,Consumables,2023-10-08,2023-10-08,89,101,45,3.42,304.38,2023-10-08 09:00
I000364,Urban Feast,Coffee Powder,2023-10-08,2023-10-09,280,30,33,0.94,263.2,2023-10-08 00:00
I000365,Urban Feast,Veggies,2023-10-08,2023-10-08,216,132,32,1.71,369.36,2023-10-08 05:00
I000366,Urban Feast,Consumables,2023-10-08,2023-10-10,62,52,48,2.53,156.86,2023-10-08 20:00
I000367,Gourmet Haven,Coffee Powder,2023-10-08,2023-10-08,76,100,53,0.93,70.68,2023-10-08 11:00
I000368,Gourmet Haven,Veggies,2023-10-08,2023-10-08,130,130,59,1.37,178.1,2023-10-08 15:00
I000369,Gourmet Haven,Consumables,2023-10-08,2023-10-09,130,74,40,3.29,427.7,2023-10-08 19:00
I000370,Savory Bites,Coffee Powder,2023-10-15,2023-10-17,208,88,68,0.51,106.08,2023-10-15 04:00
I000371,Savory Bites,Veggies,2023-10-15,2023-10-17,76,149,63,1.06,80.56,2023-10-15 15:00
I000372,Savory Bites,Consumables,2023-10-15,2023-10-17,235,38,63,2.83,665.05,2023-10-15 10:00
I000373,Urban Feast,Coffee Powder,2023-10-15,2023-10-15,145,104,59,0.77,111.65,2023-10-15 08:00
I000374,Urban Feast,Veggies,2023-10-15,2023-10-17,206,82,45,1.93,397.58,2023-10-15 18:00
I000375,Urban Feast,Consumables,2023-10-15,2023-10-16,165,31,34,3.56,587.4,2023-10-15 01:00
I000376,Gourmet Haven,Coffee Powder,2023-10-15,2023-10-16,129,45,40,0.63,81.27,2023-10-15 01:00
I000377,Gourmet Haven,Veggies,2023-10-15,2023-10-15,146,64,69,1.49,217.54,2023-10-15 20:00
I000378,Gourmet Haven,Consumables,2023-10-15,2023-10-16,177,144,66,3.24,573.48,2023-10-15 16:00
I000379,Savory Bites,Coffee Powder,2023-10-22,2023-10-23,174,109,37,0.78,135.72,2023-10-22 08:00
I000380,Savory Bites,Veggies,2023-10-22,2023-10-24,290,66,34,1.99,577.1,2023-10-22 00:00
I000381,Savory Bites,Consumables,2023-10-22,2023-10-24,166,84,48,2.14,355.24,2023-10-22 05:00
I000382,Urban Feast,Coffee Powder,2023-10-22,2023-10-22,283,44,45,0.71,200.93,2023-10-22 00:00
I000383,Urban Feast,Veggies,2023-10-22,2023-10-24,195,31,61,1.59,310.05,2023-10-22 03:00
I000384,Urban Feast,Consumables,2023-10-22,2023-10-24,55,76,64,2.59,142.45,2023-10-22 08:00
I000385,Gourmet Haven,Coffee Powder,2023-10-22,2023-10-24,74,41,36,0.59,43.66,2023-10-22 10:00
I000386,Gourmet Haven,Veggies,2023-10-22,2023-10-23,78,86,64,1.17,91.26,2023-10-22 12:00
I000387,Gourmet Haven,Consumables,2023-10-22,2023-10-24,163,56,54,3.54,577.02,2023-10-22 09:00
I000388,Savory Bites,Coffee Powder,2023-10-29,2023-10-29,226,95,57,0.68,153.68,2023-10-29 04:00
I000389,Savory Bites,Veggies,2023-10-29,2023-10-29,50,138,30,1.66,83.0,2023-10-29 15:00
I000390,Savory Bites,Consumables,2023-10-29,2023-10-31,271,65,52,2.7,731.7,2023-10-29 22:00
I000391,Urban Feast,Coffee Powder,2023-10-29,2023-10-30,281,127,42,0.9,252.9,2023-10-29 16:00
I000392,Urban Feast,Veggies,2023-10-29,2023-10-31,55,54,60,1.1,60.5,2023-10-29 07:00
I000393,Urban Feast,Consumables,2023-10-29,2023-10-30,241,23,37,2.09,503.69,2023-10-29 04:00
I000394,Gourmet Haven,Coffee Powder,2023-10-29,2023-10-31,100,34,31,0.94,94.0,2023-10-29 11:00
I000395,Gourmet Haven,Veggies,2023-10-29,2023-10-31,227,132,60,1.64,372.28,2023-10-29 09:00
I000396,Gourmet Haven,Consumables,2023-10-29,2023-10-29,219,58,39,2.39,523.41,2023-10-29 00:00
I000397,Savory Bites,Coffee Powder,2023-11-05,2023-11-05,159,74,65,0.58,92.22,2023-11-05 12:00
I000398,Savory Bites,Veggies,2023-11-05,2023-11-05,149,50,41,1.12,166.88,2023-11-05 13:00
I000399,Savory Bites,Consumables,2023-11-05,2023-11-05,273,58,50,3.9,1064.7,2023-11-05 11:00
I000400,Urban Feast,Coffee Powder,2023-11-05,2023-11-07,251,91,70,0.94,235.94,2023-11-05 01:00
I000401,Urban Feast,Veggies,2023-11-05,2023-11-06,103,75,61,1.59,163.77,2023-11-05 08:00
I000402,Urban Feast,Consumables,2023-11-05,2023-11-07,219,38,64,3.83,838.77,2023-11-05 00:00
I000403,Gourmet Haven,Coffee Powder,2023-11-05,2023-11-06,157,30,62,0.55,86.35,2023-11-05 07:00
I000404,Gourmet Haven,Veggies,2023-11-05,2023-11-06,256,108,52,1.15,294.4,2023-11-05 23:00
I000405,Gourmet Haven,Consumables,2023-11-05,2023-11-06,172,89,44,2.47,424.84,2023-11-05 10:00
I000406,Savory Bites,Coffee Powder,2023-11-12,2023-11-14,260,48,40,0.8,208.0,2023-11-12 08:00
I000407,Savory Bites,Veggies,2023-11-12,2023-11-14,152,124,58,1.77,269.04,2023-11-12 22:00
I000408,Savory Bites,Consumables,2023-11-12,2023-11-13,165,102,65,2.53,417.45,2023-11-12 12:00
I000409,Urban Feast,Coffee Powder,2023-11-12,2023-11-13,61,66,31,0.57,34.77,2023-11-12 11:00
I000410,Urban Feast,Veggies,2023-11-12,2023-11-13,100,46,43,1.48,148.0,2023-11-12 10:00
I000411,Urban Feast,Consumables,2023-11-12,2023-11-14,273,78,43,3.86,1053.78,2023-11-12 12:00
I000412,Gourmet Haven,Coffee Powder,2023-11-12,2023-11-14,280,24,49,0.66,184.8,2023-11-12 03:00
I000413,Gourmet Haven,Veggies,2023-11-12,2023-11-14,64,60,34,1.38,88.32,2023-11-12 17:00
I000414,Gourmet Haven,Consumables,2023-11-12,2023-11-13,257,69,48,3.98,1022.86,2023-11-12 19:00
I000415,Savory Bites,Coffee Powder,2023-11-19,2023-11-20,246,20,58,0.72,177.12,2023-11-19 20:00
I000416,Savory Bites,Veggies,2023-11-19,2023-11-21,170,55,62,1.91,324.7,2023-11-19 03:00
I000417,Savory Bites,Consumables,2023-11-19,2023-11-21,87,126,48,2.86,248.82,2023-11-19 03:00
I000418,Urban Feast,Coffee Powder,2023-11-19,2023-11-21,63,73,34,0.89,56.07,2023-11-19 20:00
I000419,Urban Feast,Veggies,2023-11-19,2023-11-19,129,67,32,1.89,243.81,2023-11-19 09:00
I000420,Urban Feast,Consumables,2023-11-19,2023-11-20,256,42,43,3.76,962.56,2023-11-19 19:00
I000421,Gourmet Haven,Coffee Powder,2023-11-19,2023-11-21,211,70,36,0.7,147.7,2023-11-19 06:00
I000422,Gourmet Haven,Veggies,2023-11-19,2023-11-21,83,115,30,1.79,148.57,2023-11-19 13:00
I000423,Gourmet Haven,Consumables,2023-11-19,2023-11-19,60,44,32,3.03,181.8,2023-11-19 14:00
I000424,Savory Bites,Coffee Powder,2023-11-26,2023-11-28,158,95,41,0.72,113.76,2023-11-26 09:00
I000425,Savory Bites,Veggies,2023-11-26,2023-11-28,185,63,62,1.36,251.6,2023-11-26 01:00
I000426,Savory Bites,Consumables,2023-11-26,2023-11-26,65,27,63,2.62,170.3,2023-11-26 19:00
I000427,Urban Feast,Coffee Powder,2023-11-26,2023-11-26,200,75,38,0.78,156.0,2023-11-26 07:00
I000428,Urban Feast,Veggies,2023-11-26,2023-11-26,101,112,38,1.44,145.44,2023-11-26 19:00
I000429,Urban Feast,Consumables,2023-11-26,2023-11-28,54,36,55,2.43,131.22,2023-11-26 21:00
I000430,Gourmet Haven,Coffee Powder,2023-11-26,2023-11-26,175,141,70,0.8,140.0,2023-11-26 01:00
I000431,Gourmet Haven,Veggies,2023-11-26,2023-11-28,135,75,46,1.06,143.1,2023-11-26 00:00
I000432,Gourmet Haven,Consumables,2023-11-26,2023-11-26,293,89,39,3.06,896.58,2023-11-26 06:00
I000433,Savory Bites,Coffee Powder,2023-12-03,2023-12-04,59,100,68,0.82,48.38,2023-12-03 14:00
I000434,Savory Bites,Veggies,2023-12-03,2023-12-03,63,119,38,1.21,76.23,2023-12-03 13:00
I000435,Savory Bites,Consumables,2023-12-03,2023-12-04,288,47,32,2.24,645.12,2023-12-03 15:00
I000436,Urban Feast,Coffee Powder,2023-12-03,2023-12-05,185,107,49,0.58,107.3,2023-12-03 18:00
I000437,Urban Feast,Veggies,2023-12-03,2023-12-03,207,93,57,1.45,300.15,2023-12-03 11:00
I000438,Urban Feast,Consumables,2023-12-03,2023-12-04,217,73,31,3.45,748.65,2023-12-03 02:00
I000439,Gourmet Haven,Coffee Powder,2023-12-03,2023-12-03,205,42,33,0.77,157.85,2023-12-03 13:00
I000440,Gourmet Haven,Veggies,2023-12-03,2023-12-03,239,35,30,1.77,423.03,2023-12-03 09:00
I000441,Gourmet Haven,Consumables,2023-12-03,2023-12-04,294,74,64,3.03,890.82,2023-12-03 02:00
I000442,Savory Bites,Coffee Powder,2023-12-10,2023-12-10,162,90,57,0.79,127.98,2023-12-10 18:00
I000443,Savory Bites,Veggies,2023-12-10,2023-12-12,175,31,66,1.07,187.25,2023-12-10 20:00
I000444,Savory Bites,Consumables,2023-12-10,2023-12-11,230,135,45,3.01,692.3,2023-12-10 09:00
I000445,Urban Feast,Coffee Powder,2023-12-10,2023-12-10,164,144,65,0.66,108.24,2023-12-10 07:00
I000446,Urban Feast,Veggies,2023-12-10,2023-12-10,51,32,31,1.08,55.08,2023-12-10 02:00
I000447,Urban Feast,Consumables,2023-12-10,2023-12-11,115,114,34,3.02,347.3,2023-12-10 16:00
I000448,Gourmet Haven,Coffee Powder,2023-12-10,2023-12-11,273,38,43,0.57,155.61,2023-12-10 10:00
I000449,Gourmet Haven,Veggies,2023-12-10,2023-12-11,263,87,41,1.88,494.44,2023-12-10 15:00
I000450,Gourmet Haven,Consumables,2023-12-10,2023-12-10,71,117,43,3.88,275.48,2023-12-10 17:00
I000451,Savory Bites,Coffee Powder,2023-12-17,2023-12-17,272,126,55,0.7,190.4,2023-12-17 08:00
I000452,Savory Bites,Veggies,2023-12-17,2023-12-17,159,111,55,1.57,249.63,2023-12-17 15:00
I000453,Savory Bites,Consumables,2023-12-17,2023-12-17,163,118,60,2.52,410.76,2023-12-17 14:00
I000454,Urban Feast,Coffee Powder,2023-12-17,2023-12-17,198,31,68,0.79,156.42,2023-12-17 17:00
I000455,Urban Feast,Veggies,2023-12-17,2023-12-17,277,90,45,1.28,354.56,2023-12-17 10:00
I000456,Urban Feast,Consumables,2023-12-17,2023-12-19,232,137,38,3.49,809.68,2023-12-17 08:00
I000457,Gourmet Haven,Coffee Powder,2023-12-17,2023-12-19,156,28,40,0.6,93.6,2023-12-17 03:00
I000458,Gourmet Haven,Veggies,2023-12-17,2023-12-17,287,97,60,1.96,562.52,2023-12-17 04:00
I000459,Gourmet Haven,Consumables,2023-12-17,2023-12-17,80,101,47,3.47,277.6,2023-12-17 05:00
I000460,Savory Bites,Coffee Powder,2023-12-24,2023-12-24,114,40,37,0.83,94.62,2023-12-24 18:00
I000461,Savory Bites,Veggies,2023-12-24,2023-12-24,147,36,50,1.08,158.76,2023-12-24 21:00
I000462,Savory Bites,Consumables,2023-12-24,2023-12-25,102,150,68,3.96,403.92,2023-12-24 20:00
I000463,Urban Feast,Coffee Powder,2023-12-24,2023-12-24,62,79,37,0.76,47.12,2023-12-24 13:00
I000464,Urban Feast,Veggies,2023-12-24,2023-12-26,110,110,69,1.2,132.0,2023-12-24 20:00
I000465,Urban Feast,Consumables,2023-12-24,2023-12-25,123,81,31,2.54,312.42,2023-12-24 21:00
I000466,Gourmet Haven,Coffee Powder,2023-12-24,2023-12-24,178,81,44,0.74,131.72,2023-12-24 18:00
I000467,Gourmet Haven,Veggies,2023-12-24,2023-12-24,231,101,42,1.43,330.33,2023-12-24 09:00
I000468,Gourmet Haven,Consumables,2023-12-24,2023-12-26,199,145,44,3.03,602.97,2023-12-24 16:00
I000469,Savory Bites,Coffee Powder,2023-12-31,2024-01-01,126,141,38,0.93,117.18,2023-12-31 18:00
I000470,Savory Bites,Veggies,2023-12-31,2024-01-01,230,53,44,1.77,407.1,2023-12-31 19:00
I000471,Savory Bites,Consumables,2023-12-31,2023-12-31,137,144,63,2.87,393.19,2023-12-31 02:00
I000472,Urban Feast,Coffee Powder,2023-12-31,2024-01-01,157,90,60,0.76,119.32,2023-12-31 15:00
I000473,Urban Feast,Veggies,2023-12-31,2024-01-02,135,92,36,1.95,263.25,2023-12-31 08:00
I000474,Urban Feast,Consumables,2023-12-31,2023-12-31,240,74,65,2.81,674.4,2023-12-31 18:00
I000475,Gourmet Haven,Coffee Powder,2023-12-31,2023-12-31,270,68,64,0.69,186.3,2023-12-31 07:00
I000476,Gourmet Haven,Veggies,2023-12-31,2024-01-02,226,91,33,1.02,230.52,2023-12-31 17:00
I000477,Gourmet Haven,Consumables,2023-12-31,2023-12-31,103,66,59,2.55,262.65,2023-12-31 07:00
I000478,Savory Bites,Coffee Powder,2024-01-07,2024-01-08,119,85,65,0.56,66.64,2024-01-07 09:00
I000479,Savory Bites,Veggies,2024-01-07,2024-01-08,172,75,54,1.42,244.24,2024-01-07 00:00
I000480,Savory Bites,Consumables,2024-01-07,2024-01-09,192,148,45,2.82,541.44,2024-01-07 08:00
I000481,Urban Feast,Coffee Powder,2024-01-07,2024-01-08,279,127,53,0.97,270.63,2024-01-07 05:00
I000482,Urban Feast,Veggies,2024-01-07,2024-01-07,266,120,35,1.87,497.42,2024-01-07 12:00
I000483,Urban Feast,Consumables,2024-01-07,2024-01-08,143,74,51,2.94,420.42,2024-01-07 05:00
I000484,Gourmet Haven,Coffee Powder,2024-01-07,2024-01-07,122,104,33,0.98,119.56,2024-01-07 20:00
I000485,Gourmet Haven,Veggies,2024-01-07,2024-01-07,89,41,70,1.27,113.03,2024-01-07 14:00
I000486,Gourmet Haven,Consumables,2024-01-07,2024-01-09,64,23,59,2.76,176.64,2024-01-07 22:00
I000487,Savory Bites,Coffee Powder,2024-01-14,2024-01-15,179,51,42,0.87,155.73,2024-01-14 16:00
I000488,Savory Bites,Veggies,2024-01-14,2024-01-16,169,115,38,1.2,202.8,2024-01-14 22:00
I000489,Savory Bites,Consumables,2024-01-14,2024-01-16,233,84,31,3.52,820.16,2024-01-14 16:00
I000490,Urban Feast,Coffee Powder,2024-01-14,2024-01-14,270,29,57,0.62,167.4,2024-01-14 01:00
I000491,Urban Feast,Veggies,2024-01-14,2024-01-14,79,41,34,1.47,116.13,2024-01-14 16:00
I000492,Urban Feast,Consumables,2024-01-14,2024-01-15,131,52,53,2.65,347.15,2024-01-14 23:00
I000493,Gourmet Haven,Coffee Powder,2024-01-14,2024-01-14,190,107,33,0.6,114.0,2024-01-14 11:00
I000494,Gourmet Haven,Veggies,2024-01-14,2024-01-16,139,77,68,1.5,208.5,2024-01-14 21:00
I000495,Gourmet Haven,Consumables,2024-01-14,2024-01-14,144,64,33,3.96,570.24,2024-01-14 08:00
I000496,Savory Bites,Coffee Powder,2024-01-21,2024-01-23,233,24,70,0.67,156.11,2024-01-21 14:00
I000497,Savory Bites,Veggies,2024-01-21,2024-01-21,289,107,43,1.73,499.97,2024-01-21 03:00
I000498,Savory Bites,Consumables,2024-01-21,2024-01-23,63,40,51,2.57,161.91,2024-01-21 11:00
I000499,Urban Feast,Coffee Powder,2024-01-21,2024-01-22,188,24,47,0.76,142.88,2024-01-21 03:00
I000500,Urban Feast,Veggies,2024-01-21,2024-01-23,288,49,63,1.66,478.08,2024-01-21 11:00
I000501,Urban Feast,Consumables,2024-01-21,2024-01-23,244,52,40,2.38,580.72,2024-01-21 17:00
I000502,Gourmet Haven,Coffee Powder,2024-01-21,2024-01-21,262,132,41,0.94,246.28,2024-01-21 07:00
I000503,Gourmet Haven,Veggies,2024-01-21,2024-01-21,125,146,69,1.28,160.0,2024-01-21 19:00
I000504,Gourmet Haven,Consumables,2024-01-21,2024-01-22,212,107,36,2.89,612.68,2024-01-21 10:00
I000505,Savory Bites,Coffee Powder,2024-01-28,2024-01-28,268,124,50,0.65,174.2,2024-01-28 23:00
I000506,Savory Bites,Veggies,2024-01-28,2024-01-28,240,28,51,1.46,350.4,2024-01-28 21:00
I000507,Savory Bites,Consumables,2024-01-28,2024-01-28,205,97,38,3.38,692.9,2024-01-28 02:00
I000508,Urban Feast,Coffee Powder,2024-01-28,2024-01-28,247,107,61,0.67,165.49,2024-01-28 13:00
I000509,Urban Feast,Veggies,2024-01-28,2024-01-29,152,27,59,1.57,238.64,2024-01-28 15:00
I000510,Urban Feast,Consumables,2024-01-28,2024-01-28,55,27,45,3.87,212.85,2024-01-28 21:00
I000511,Gourmet Haven,Coffee Powder,2024-01-28,2024-01-28,162,138,31,0.76,123.12,2024-01-28 18:00
I000512,Gourmet Haven,Veggies,2024-01-28,2024-01-30,250,136,44,1.34,335.0,2024-01-28 20:00
I000513,Gourmet Haven,Consumables,2024-01-28,2024-01-30,63,113,37,2.73,171.99,2024-01-28 22:00
I000514,Savory Bites,Coffee Powder,2024-02-04,2024-02-06,50,31,64,0.96,48.0,2024-02-04 00:00
I000515,Savory Bites,Veggies,2024-02-04,2024-02-05,153,150,42,1.54,235.62,2024-02-04 11:00
I000516,Savory Bites,Consumables,2024-02-04,2024-02-04,224,66,59,2.73,611.52,2024-02-04 18:00
I000517,Urban Feast,Coffee Powder,2024-02-04,2024-02-05,194,122,33,0.71,137.74,2024-02-04 03:00
I000518,Urban Feast,Veggies,2024-02-04,2024-02-05,118,139,33,1.58,186.44,2024-02-04 08:00
I000519,Urban Feast,Consumables,2024-02-04,2024-02-06,106,146,68,2.59,274.54,2024-02-04 06:00
I000520,Gourmet Haven,Coffee Powder,2024-02-04,2024-02-04,101,79,70,0.88,88.88,2024-02-04 00:00
I000521,Gourmet Haven,Veggies,2024-02-04,2024-02-06,96,142,32,1.02,97.92,2024-02-04 01:00
I000522,Gourmet Haven,Consumables,2024-02-04,2024-02-04,106,54,50,2.76,292.56,2024-02-04 23:00
I000523,Savory Bites,Coffee Powder,2024-02-11,2024-02-12,292,65,46,0.99,289.08,2024-02-11 20:00
I000524,Savory Bites,Veggies,2024-02-11,2024-02-11,153,97,55,1.36,208.08,2024-02-11 01:00
I000525,Savory Bites,Consumables,2024-02-11,2024-02-11,63,36,37,3.86,243.18,2024-02-11 02:00
I000526,Urban Feast,Coffee Powder,2024-02-11,2024-02-12,228,30,60,0.5,114.0,2024-02-11 20:00
I000527,Urban Feast,Veggies,2024-02-11,2024-02-12,60,116,35,1.49,89.4,2024-02-11 13:00
I000528,Urban Feast,Consumables,2024-02-11,2024-02-11,76,84,64,3.22,244.72,2024-02-11 14:00
I000529,Gourmet Haven,Coffee Powder,2024-02-11,2024-02-11,52,32,31,0.54,28.08,2024-02-11 17:00
I000530,Gourmet Haven,Veggies,2024-02-11,2024-02-13,81,71,56,1.68,136.08,2024-02-11 15:00
I000531,Gourmet Haven,Consumables,2024-02-11,2024-02-11,84,131,52,3.36,282.24,2024-02-11 16:00
I000532,Savory Bites,Coffee Powder,2024-02-18,2024-02-18,251,112,40,0.76,190.76,2024-02-18 08:00
I000533,Savory Bites,Veggies,2024-02-18,2024-02-20,110,68,38,1.69,185.9,2024-02-18 18:00
I000534,Savory Bites,Consumables,2024-02-18,2024-02-20,176,150,57,2.88,506.88,2024-02-18 22:00
I000535,Urban Feast,Coffee Powder,2024-02-18,2024-02-20,142,30,70,0.87,123.54,2024-02-18 06:00
I000536,Urban Feast,Veggies,2024-02-18,2024-02-20,90,38,33,1.55,139.5,2024-02-18 13:00
I000537,Urban Feast,Consumables,2024-02-18,2024-02-20,155,49,41,3.84,595.2,2024-02-18 00:00
I000538,Gourmet Haven,Coffee Powder,2024-02-18,2024-02-19,127,21,30,0.94,119.38,2024-02-18 17:00
I000539,Gourmet Haven,Veggies,2024-02-18,2024-02-19,113,126,35,1.12,126.56,2024-02-18 17:00
I000540,Gourmet Haven,Consumables,2024-02-18,2024-02-20,251,145,67,3.58,898.58,2024-02-18 09:00
I000541,Savory Bites,Coffee Powder,2024-02-25,2024-02-25,251,111,41,0.7,175.7,2024-02-25 20:00
I000542,Savory Bites,Veggies,2024-02-25,2024-02-26,235,141,57,1.01,237.35,2024-02-25 05:00
I000543,Savory Bites,Consumables,2024-02-25,2024-02-27,139,93,63,2.85,396.15,2024-02-25 23:00
I000544,Urban Feast,Coffee Powder,2024-02-25,2024-02-27,174,30,40,0.58,100.92,2024-02-25 16:00
I000545,Urban Feast,Veggies,2024-02-25,2024-02-25,235,82,41,1.77,415.95,2024-02-25 22:00
I000546,Urban Feast,Consumables,2024-02-25,2024-02-25,163,57,65,3.26,531.38,2024-02-25 00:00
I000547,Gourmet Haven,Coffee Powder,2024-02-25,2024-02-27,181,45,64,0.54,97.74,2024-02-25 19:00
I000548,Gourmet Haven,Veggies,2024-02-25,2024-02-26,131,101,65,1.72,225.32,2024-02-25 23:00
I000549,Gourmet Haven,Consumables,2024-02-25,2024-02-26,144,20,66,3.33,479.52,2024-02-25 06:00
I000550,Savory Bites,Coffee Powder,2024-03-03,2024-03-04,80,123,53,0.69,55.2,2024-03-03 04:00
I000551,Savory Bites,Veggies,2024-03-03,2024-03-05,181,44,41,1.86,336.66,2024-03-03 04:00
I000552,Savory Bites,Consumables,2024-03-03,2024-03-05,261,149,38,3.73,973.53,2024-03-03 17:00
I000553,Urban Feast,Coffee Powder,2024-03-03,2024-03-03,55,49,30,0.75,41.25,2024-03-03 11:00
I000554,Urban Feast,Veggies,2024-03-03,2024-03-04,148,51,45,1.68,248.64,2024-03-03 08:00
I000555,Urban Feast,Consumables,2024-03-03,2024-03-04,81,32,35,3.68,298.08,2024-03-03 21:00
I000556,Gourmet Haven,Coffee Powder,2024-03-03,2024-03-05,203,150,70,0.81,164.43,2024-03-03 15:00
I000557,Gourmet Haven,Veggies,2024-03-03,2024-03-03,132,72,44,1.26,166.32,2024-03-03 10:00
I000558,Gourmet Haven,Consumables,2024-03-03,2024-03-04,77,47,70,2.31,177.87,2024-03-03 11:00
I000559,Savory Bites,Coffee Powder,2024-03-10,2024-03-10,232,45,69,0.95,220.4,2024-03-10 09:00
I000560,Savory Bites,Veggies,2024-03-10,2024-03-12,112,104,65,1.31,146.72,2024-03-10 10:00
I000561,Savory Bites,Consumables,2024-03-10,2024-03-11,291,84,66,3.74,1088.34,2024-03-10 10:00
I000562,Urban Feast,Coffee Powder,2024-03-10,2024-03-11,192,36,48,0.65,124.8,2024-03-10 23:00
I000563,Urban Feast,Veggies,2024-03-10,2024-03-12,106,142,39,1.67,177.02,2024-03-10 09:00
I000564,Urban Feast,Consumables,2024-03-10,2024-03-10,280,103,31,3.85,1078.0,2024-03-10 14:00
I000565,Gourmet Haven,Coffee Powder,2024-03-10,2024-03-10,234,90,67,0.8,187.2,2024-03-10 21:00
I000566,Gourmet Haven,Veggies,2024-03-10,2024-03-10,57,58,63,1.82,103.74,2024-03-10 17:00
I000567,Gourmet Haven,Consumables,2024-03-10,2024-03-11,250,135,42,2.12,530.0,2024-03-10 03:00
I000568,Savory Bites,Coffee Powder,2024-03-17,2024-03-17,106,102,41,0.59,62.54,2024-03-17 16:00
I000569,Savory Bites,Veggies,2024-03-17,2024-03-18,139,37,54,1.72,239.08,2024-03-17 04:00
I000570,Savory Bites,Consumables,2024-03-17,2024-03-18,176,60,66,3.13,550.88,2024-03-17 19:00
I000571,Urban Feast,Coffee Powder,2024-03-17,2024-03-19,248,74,53,0.6,148.8,2024-03-17 08:00
I000572,Urban Feast,Veggies,2024-03-17,2024-03-17,197,49,65,1.64,323.08,2024-03-17 11:00
I000573,Urban Feast,Consumables,2024-03-17,2024-03-17,297,80,66,2.73,810.81,2024-03-17 17:00
I000574,Gourmet Haven,Coffee Powder,2024-03-17,2024-03-19,241,36,69,0.94,226.54,2024-03-17 00:00
I000575,Gourmet Haven,Veggies,2024-03-17,2024-03-17,274,94,40,1.56,427.44,2024-03-17 12:00
I000576,Gourmet Haven,Consumables,2024-03-17,2024-03-19,95,117,58,3.68,349.6,2024-03-17 13:00
I000577,Savory Bites,Coffee Powder,2024-03-24,2024-03-24,80,105,50,0.8,64.0,2024-03-24 16:00
I000578,Savory Bites,Veggies,2024-03-24,2024-03-24,123,77,39,1.98,243.54,2024-03-24 12:00
I000579,Savory Bites,Consumables,2024-03-24,2024-03-26,141,134,33,2.54,358.14,2024-03-24 01:00
I000580,Urban Feast,Coffee Powder,2024-03-24,2024-03-25,78,44,44,0.66,51.48,2024-03-24 22:00
I000581,Urban Feast,Veggies,2024-03-24,2024-03-25,236,120,30,1.93,455.48,2024-03-24 09:00
I000582,Urban Feast,Consumables,2024-03-24,2024-03-25,263,37,61,2.6,683.8,2024-03-24 01:00
I000583,Gourmet Haven,Coffee Powder,2024-03-24,2024-03-25,149,84,64,0.86,128.14,2024-03-24 22:00
I000584,Gourmet Haven,Veggies,2024-03-24,2024-03-25,64,61,49,1.38,88.32,2024-03-24 01:00
I000585,Gourmet Haven,Consumables,2024-03-24,2024-03-24,74,24,62,2.6,192.4,2024-03-24 05:00
I000586,Savory Bites,Coffee Powder,2024-03-31,2024-04-01,296,59,52,0.66,195.36,2024-03-31 04:00
I000587,Savory Bites,Veggies,2024-03-31,2024-03-31,261,41,36,1.73,451.53,2024-03-31 13:00
I000588,Savory Bites,Consumables,2024-03-31,2024-04-01,271,97,30,3.3,894.3,2024-03-31 05:00
I000589,Urban Feast,Coffee Powder,2024-03-31,2024-04-01,149,132,56,0.98,146.02,2024-03-31 12:00
I000590,Urban Feast,Veggies,2024-03-31,2024-03-31,161,107,30,1.07,172.27,2024-03-31 17:00
I000591,Urban Feast,Consumables,2024-03-31,2024-03-31,86,37,40,3.86,331.96,2024-03-31 11:00
I000592,Gourmet Haven,Coffee Powder,2024-03-31,2024-04-02,72,91,39,0.64,46.08,2024-03-31 16:00
I000593,Gourmet Haven,Veggies,2024-03-31,2024-04-01,281,128,42,1.94,545.14,2024-03-31 22:00
I000594,Gourmet Haven,Consumables,2024-03-31,2024-04-02,246,92,67,3.35,824.1,2024-03-31 01:00
I000595,Savory Bites,Coffee Powder,2024-04-07,2024-04-07,273,90,55,0.61,166.53,2024-04-07 17:00
I000596,Savory Bites,Veggies,2024-04-07,2024-04-09,280,87,48,1.65,462.0,2024-04-07 02:00
I000597,Savory Bites,Consumables,2024-04-07,2024-04-07,177,64,49,3.32,587.64,2024-04-07 01:00
I000598,Urban Feast,Coffee Powder,2024-04-07,2024-04-09,285,80,60,0.55,156.75,2024-04-07 11:00
I000599,Urban Feast,Veggies,2024-04-07,2024-04-07,187,135,59,1.6,299.2,2024-04-07 16:00
I000600,Urban Feast,Consumables,2024-04-07,2024-04-08,276,110,40,3.84,1059.84,2024-04-07 11:00
I000601,Gourmet Haven,Coffee Powder,2024-04-07,2024-04-09,78,138,44,0.83,64.74,2024-04-07 09:00
I000602,Gourmet Haven,Veggies,2024-04-07,2024-04-09,236,123,58,1.34,316.24,2024-04-07 15:00
I000603,Gourmet Haven,Consumables,2024-04-07,2024-04-09,241,79,66,2.19,527.79,2024-04-07 09:00
I000604,Savory Bites,Coffee Powder,2024-04-14,2024-04-15,285,133,70,0.62,176.7,2024-04-14 19:00
I000605,Savory Bites,Veggies,2024-04-14,2024-04-16,65,112,44,1.64,106.6,2024-04-14 13:00
I000606,Savory Bites,Consumables,2024-04-14,2024-04-14,267,36,35,3.98,1062.66,2024-04-14 23:00
I000607,Urban Feast,Coffee Powder,2024-04-14,2024-04-15,166,101,68,0.95,157.7,2024-04-14 14:00
I000608,Urban Feast,Veggies,2024-04-14,2024-04-16,115,67,53,1.25,143.75,2024-04-14 19:00
I000609,Urban Feast,Consumables,2024-04-14,2024-04-14,112,83,38,2.44,273.28,2024-04-14 07:00
I000610,Gourmet Haven,Coffee Powder,2024-04-14,2024-04-15,125,144,37,0.84,105.0,2024-04-14 09:00
I000611,Gourmet Haven,Veggies,2024-04-14,2024-04-16,181,106,68,1.17,211.77,2024-04-14 11:00
I000612,Gourmet Haven,Consumables,2024-04-14,2024-04-16,103,99,38,3.81,392.43,2024-04-14 00:00
I000613,Savory Bites,Coffee Powder,2024-04-21,2024-04-23,286,60,44,0.62,177.32,2024-04-21 02:00
I000614,Savory Bites,Veggies,2024-04-21,2024-04-21,263,140,64,1.81,476.03,2024-04-21 17:00
I000615,Savory Bites,Consumables,2024-04-21,2024-04-22,145,126,68,3.09,448.05,2024-04-21 15:00
I000616,Urban Feast,Coffee Powder,2024-04-21,2024-04-23,206,76,44,0.73,150.38,2024-04-21 17:00
I000617,Urban Feast,Veggies,2024-04-21,2024-04-22,118,134,30,1.28,151.04,2024-04-21 09:00
I000618,Urban Feast,Consumables,2024-04-21,2024-04-22,165,149,30,3.32,547.8,2024-04-21 11:00
I000619,Gourmet Haven,Coffee Powder,2024-04-21,2024-04-22,204,48,39,0.7,142.8,2024-04-21 01:00
I000620,Gourmet Haven,Veggies,2024-04-21,2024-04-21,120,118,41,1.11,133.2,2024-04-21 17:00
I000621,Gourmet Haven,Consumables,2024-04-21,2024-04-23,50,86,68,2.82,141.0,2024-04-21 06:00
I000622,Savory Bites,Coffee Powder,2024-04-28,2024-04-30,247,137,30,0.96,237.12,2024-04-28 14:00
I000623,Savory Bites,Veggies,2024-04-28,2024-04-30,222,76,39,1.14,253.08,2024-04-28 16:00
I000624,Savory Bites,Consumables,2024-04-28,2024-04-29,127,91,44,3.13,397.51,2024-04-28 01:00
I000625,Urban Feast,Coffee Powder,2024-04-28,2024-04-28,92,109,62,0.59,54.28,2024-04-28 10:00
I000626,Urban Feast,Veggies,2024-04-28,2024-04-28,238,69,31,1.6,380.8,2024-04-28 14:00
I000627,Urban Feast,Consumables,2024-04-28,2024-04-29,79,73,55,2.84,224.36,2024-04-28 05:00
I000628,Gourmet Haven,Coffee Powder,2024-04-28,2024-04-29,211,101,57,0.56,118.16,2024-04-28 23:00
I000629,Gourmet Haven,Veggies,2024-04-28,2024-04-28,67,70,60,1.09,73.03,2024-04-28 17:00
I000630,Gourmet Haven,Consumables,2024-04-28,2024-04-30,272,67,44,2.94,799.68,2024-04-28 17:00
I000631,Savory Bites,Coffee Powder,2024-05-05,2024-05-05,299,91,64,0.71,212.29,2024-05-05 11:00
I000632,Savory Bites,Veggies,2024-05-05,2024-05-07,176,147,67,1.6,281.6,2024-05-05 22:00
I000633,Savory Bites,Consumables,2024-05-05,2024-05-07,84,49,31,2.93,246.12,2024-05-05 08:00
I000634,Urban Feast,Coffee Powder,2024-05-05,2024-05-05,60,117,59,0.7,42.0,2024-05-05 13:00
I000635,Urban Feast,Veggies,2024-05-05,2024-05-07,68,81,68,1.61,109.48,2024-05-05 19:00
I000636,Urban Feast,Consumables,2024-05-05,2024-05-06,218,56,34,2.44,531.92,2024-05-05 21:00
I000637,Gourmet Haven,Coffee Powder,2024-05-05,2024-05-06,101,113,57,0.98,98.98,2024-05-05 02:00
I000638,Gourmet Haven,Veggies,2024-05-05,2024-05-06,258,93,34,1.81,466.98,2024-05-05 05:00
I000639,Gourmet Haven,Consumables,2024-05-05,2024-05-07,285,34,70,2.84,809.4,2024-05-05 18:00
I000640,Savory Bites,Coffee Powder,2024-05-12,2024-05-12,270,32,38,0.52,140.4,2024-05-12 05:00
I000641,Savory Bites,Veggies,2024-05-12,2024-05-13,187,94,65,1.18,220.66,2024-05-12 11:00
I000642,Savory Bites,Consumables,2024-05-12,2024-05-12,296,139,57,3.22,953.12,2024-05-12 10:00
I000643,Urban Feast,Coffee Powder,2024-05-12,2024-05-12,126,143,64,0.64,80.64,2024-05-12 09:00
I000644,Urban Feast,Veggies,2024-05-12,2024-05-14,224,48,33,1.12,250.88,2024-05-12 00:00
I000645,Urban Feast,Consumables,2024-05-12,2024-05-13,182,141,49,2.89,525.98,2024-05-12 00:00
I000646,Gourmet Haven,Coffee Powder,2024-05-12,2024-05-12,258,115,66,0.94,242.52,2024-05-12 22:00
I000647,Gourmet Haven,Veggies,2024-05-12,2024-05-13,165,64,60,1.39,229.35,2024-05-12 11:00
I000648,Gourmet Haven,Consumables,2024-05-12,2024-05-13,118,102,31,3.16,372.88,2024-05-12 05:00
I000649,Savory Bites,Coffee Powder,2024-05-19,2024-05-21,102,67,54,0.72,73.44,2024-05-19 05:00
I000650,Savory Bites,Veggies,2024-05-19,2024-05-19,166,93,62,1.81,300.46,2024-05-19 18:00
I000651,Savory Bites,Consumables,2024-05-19,2024-05-19,205,149,38,3.33,682.65,2024-05-19 00:00
I000652,Urban Feast,Coffee Powder,2024-05-19,2024-05-21,151,71,48,0.97,146.47,2024-05-19 03:00
I000653,Urban Feast,Veggies,2024-05-19,2024-05-21,116,82,52,1.7,197.2,2024-05-19 13:00
I000654,Urban Feast,Consumables,2024-05-19,2024-05-20,112,61,52,3.37,377.44,2024-05-19 01:00
I000655,Gourmet Haven,Coffee Powder,2024-05-19,2024-05-20,134,135,70,0.77,103.18,2024-05-19 11:00
I000656,Gourmet Haven,Veggies,2024-05-19,2024-05-19,272,140,35,1.23,334.56,2024-05-19 16:00
I000657,Gourmet Haven,Consumables,2024-05-19,2024-05-20,150,83,30,3.65,547.5,2024-05-19 08:00
I000658,Savory Bites,Coffee Powder,2024-05-26,2024-05-26,131,60,58,0.88,115.28,2024-05-26 21:00
I000659,Savory Bites,Veggies,2024-05-26,2024-05-28,117,73,56,1.34,156.78,2024-05-26 23:00
I000660,Savory Bites,Consumables,2024-05-26,2024-05-28,152,27,34,3.96,601.92,2024-05-26 17:00
I000661,Urban Feast,Coffee Powder,2024-05-26,2024-05-28,196,41,39,0.72,141.12,2024-05-26 21:00
I000662,Urban Feast,Veggies,2024-05-26,2024-05-27,173,54,41,1.51,261.23,2024-05-26 06:00
I000663,Urban Feast,Consumables,2024-05-26,2024-05-28,110,64,65,2.87,315.7,2024-05-26 16:00
I000664,Gourmet Haven,Coffee Powder,2024-05-26,2024-05-27,231,23,41,0.75,173.25,2024-05-26 18:00
I000665,Gourmet Haven,Veggies,2024-05-26,2024-05-26,292,56,61,1.51,440.92,2024-05-26 11:00
I000666,Gourmet Haven,Consumables,2024-05-26,2024-05-27,196,55,37,2.34,458.64,2024-05-26 00:00
I000667,Savory Bites,Coffee Powder,2024-06-02,2024-06-02,116,149,51,0.85,98.6,2024-06-02 08:00
I000668,Savory Bites,Veggies,2024-06-02,2024-06-03,220,93,30,1.53,336.6,2024-06-02 07:00
I000669,Savory Bites,Consumables,2024-06-02,2024-06-03,217,30,50,3.38,733.46,2024-06-02 00:00
I000670,Urban Feast,Coffee Powder,2024-06-02,2024-06-02,153,118,46,0.54,82.62,2024-06-02 11:00
I000671,Urban Feast,Veggies,2024-06-02,2024-06-04,272,73,69,1.62,440.64,2024-06-02 01:00
I000672,Urban Feast,Consumables,2024-06-02,2024-06-02,69,150,59,3.44,237.36,2024-06-02 17:00
I000673,Gourmet Haven,Coffee Powder,2024-06-02,2024-06-03,228,149,58,0.68,155.04,2024-06-02 02:00
I000674,Gourmet Haven,Veggies,2024-06-02,2024-06-02,52,131,31,1.23,63.96,2024-06-02 11:00
I000675,Gourmet Haven,Consumables,2024-06-02,2024-06-03,81,39,54,3.38,273.78,2024-06-02 01:00
I000676,Savory Bites,Coffee Powder,2024-06-09,2024-06-10,94,85,33,0.96,90.24,2024-06-09 00:00
I000677,Savory Bites,Veggies,2024-06-09,2024-06-09,161,123,70,1.58,254.38,2024-06-09 02:00
I000678,Savory Bites,Consumables,2024-06-09,2024-06-10,144,150,64,2.19,315.36,2024-06-09 03:00
I000679,Urban Feast,Coffee Powder,2024-06-09,2024-06-09,223,28,37,0.86,191.78,2024-06-09 00:00
I000680,Urban Feast,Veggies,2024-06-09,2024-06-09,208,63,35,1.77,368.16,2024-06-09 15:00
I000681,Urban Feast,Consumables,2024-06-09,2024-06-09,198,30,45,3.52,696.96,2024-06-09 12:00
I000682,Gourmet Haven,Coffee Powder,2024-06-09,2024-06-10,147,122,49,0.85,124.95,2024-06-09 21:00
I000683,Gourmet Haven,Veggies,2024-06-09,2024-06-09,170,120,44,1.41,239.7,2024-06-09 22:00
I000684,Gourmet Haven,Consumables,2024-06-09,2024-06-10,76,120,54,2.49,189.24,2024-06-09 16:00
I000685,Savory Bites,Coffee Powder,2024-06-16,2024-06-17,255,89,57,0.58,147.9,2024-06-16 12:00
I000686,Savory Bites,Veggies,2024-06-16,2024-06-16,280,60,67,1.89,529.2,2024-06-16 05:00
I000687,Savory Bites,Consumables,2024-06-16,2024-06-17,289,67,51,3.98,1150.22,2024-06-16 16:00
I000688,Urban Feast,Coffee Powder,2024-06-16,2024-06-16,271,144,70,0.92,249.32,2024-06-16 19:00
I000689,Urban Feast,Veggies,2024-06-16,2024-06-16,51,142,45,1.47,74.97,2024-06-16 08:00
I000690,Urban Feast,Consumables,2024-06-16,2024-06-17,263,98,66,2.09,549.67,2024-06-16 04:00
I000691,Gourmet Haven,Coffee Powder,2024-06-16,2024-06-16,108,111,46,0.89,96.12,2024-06-16 05:00
I000692,Gourmet Haven,Veggies,2024-06-16,2024-06-18,145,100,41,1.04,150.8,2024-06-16 00:00
I000693,Gourmet Haven,Consumables,2024-06-16,2024-06-18,173,107,54,2.28,394.44,2024-06-16 19:00
I000694,Savory Bites,Coffee Powder,2024-06-23,2024-06-24,85,55,52,0.73,62.05,2024-06-23 23:00
I000695,Savory Bites,Veggies,2024-06-23,2024-06-24,140,40,30,1.9,266.0,2024-06-23 03:00
I000696,Savory Bites,Consumables,2024-06-23,2024-06-23,68,27,37,3.69,250.92,2024-06-23 20:00
I000697,Urban Feast,Coffee Powder,2024-06-23,2024-06-24,205,148,31,0.89,182.45,2024-06-23 14:00
I000698,Urban Feast,Veggies,2024-06-23,2024-06-25,164,81,63,1.47,241.08,2024-06-23 17:00
I000699,Urban Feast,Consumables,2024-06-23,2024-06-25,174,51,30,2.82,490.68,2024-06-23 07:00
I000700,Gourmet Haven,Coffee Powder,2024-06-23,2024-06-23,173,35,48,0.52,89.96,2024-06-23 20:00
I000701,Gourmet Haven,Veggies,2024-06-23,2024-06-25,152,76,30,1.29,196.08,2024-06-23 18:00
I000702,Gourmet Haven,Consumables,2024-06-23,2024-06-23,234,123,61,3.72,870.48,2024-06-23 01:00
I000703,Savory Bites,Coffee Powder,2024-06-30,2024-07-01,177,113,53,0.96,169.92,2024-06-30 23:00
I000704,Savory Bites,Veggies,2024-06-30,2024-07-01,186,69,66,1.03,191.58,2024-06-30 08:00
I000705,Savory Bites,Consumables,2024-06-30,2024-06-30,272,109,50,2.85,775.2,2024-06-30 02:00
I000706,Urban Feast,Coffee Powder,2024-06-30,2024-07-02,106,114,62,0.52,55.12,2024-06-30 06:00
I000707,Urban Feast,Veggies,2024-06-30,2024-06-30,257,107,64,1.03,264.71,2024-06-30 19:00
I000708,Urban Feast,Consumables,2024-06-30,2024-06-30,77,37,37,2.04,157.08,2024-06-30 10:00
I000709,Gourmet Haven,Coffee Powder,2024-06-30,2024-06-30,169,120,53,0.54,91.26,2024-06-30 14:00
I000710,Gourmet Haven,Veggies,2024-06-30,2024-07-02,276,32,56,1.14,314.64,2024-06-30 12:00
I000711,Gourmet Haven,Consumables,2024-06-30,2024-07-01,89,144,58,2.86,254.54,2024-06-30 12:00
I000712,Savory Bites,Coffee Powder,2024-07-07,2024-07-09,92,68,32,0.82,75.44,2024-07-07 19:00
I000713,Savory Bites,Veggies,2024-07-07,2024-07-09,197,138,44,1.72,338.84,2024-07-07 11:00
I000714,Savory Bites,Consumables,2024-07-07,2024-07-08,284,79,59,3.49,991.16,2024-07-07 13:00
I000715,Urban Feast,Coffee Powder,2024-07-07,2024-07-07,220,22,68,0.53,116.6,2024-07-07 22:00
I000716,Urban Feast,Veggies,2024-07-07,2024-07-07,262,55,51,1.79,468.98,2024-07-07 01:00
I000717,Urban Feast,Consumables,2024-07-07,2024-07-07,116,58,32,2.81,325.96,2024-07-07 13:00
I000718,Gourmet Haven,Coffee Powder,2024-07-07,2024-07-08,233,118,48,0.55,128.15,2024-07-07 20:00
I000719,Gourmet Haven,Veggies,2024-07-07,2024-07-07,291,61,59,1.04,302.64,2024-07-07 12:00
I000720,Gourmet Haven,Consumables,2024-07-07,2024-07-07,174,93,41,2.75,478.5,2024-07-07 07:00
I000721,Savory Bites,Coffee Powder,2024-07-14,2024-07-16,166,56,52,0.78,129.48,2024-07-14 03:00
I000722,Savory Bites,Veggies,2024-07-14,2024-07-14,228,35,45,1.73,394.44,2024-07-14 08:00
I000723,Savory Bites,Consumables,2024-07-14,2024-07-15,80,59,36,3.15,252.0,2024-07-14 07:00
I000724,Urban Feast,Coffee Powder,2024-07-14,2024-07-15,293,53,63,0.54,158.22,2024-07-14 12:00
I000725,Urban Feast,Veggies,2024-07-14,2024-07-14,186,100,33,1.97,366.42,2024-07-14 02:00
I000726,Urban Feast,Consumables,2024-07-14,2024-07-15,160,140,70,3.24,518.4,2024-07-14 09:00
I000727,Gourmet Haven,Coffee Powder,2024-07-14,2024-07-14,111,93,68,0.5,55.5,2024-07-14 22:00
I000728,Gourmet Haven,Veggies,2024-07-14,2024-07-15,169,119,33,1.82,307.58,2024-07-14 03:00
I000729,Gourmet Haven,Consumables,2024-07-14,2024-07-16,213,109,47,3.68,783.84,2024-07-14 10:00
I000730,Savory Bites,Coffee Powder,2024-07-21,2024-07-22,163,134,37,0.93,151.59,2024-07-21 18:00
I000731,Savory Bites,Veggies,2024-07-21,2024-07-23,160,98,44,1.88,300.8,2024-07-21 05:00
I000732,Savory Bites,Consumables,2024-07-21,2024-07-23,227,49,39,3.09,701.43,2024-07-21 07:00
I000733,Urban Feast,Coffee Powder,2024-07-21,2024-07-22,263,146,62,0.62,163.06,2024-07-21 22:00
I000734,Urban Feast,Veggies,2024-07-21,2024-07-23,167,57,60,1.48,247.16,2024-07-21 21:00
I000735,Urban Feast,Consumables,2024-07-21,2024-07-21,146,44,56,2.91,424.86,2024-07-21 03:00
I000736,Gourmet Haven,Coffee Powder,2024-07-21,2024-07-21,134,36,36,0.98,131.32,2024-07-21 04:00
I000737,Gourmet Haven,Veggies,2024-07-21,2024-07-21,161,127,35,1.31,210.91,2024-07-21 15:00
I000738,Gourmet Haven,Consumables,2024-07-21,2024-07-22,153,60,52,3.59,549.27,2024-07-21 17:00
I000739,Savory Bites,Coffee Powder,2024-07-28,2024-07-30,295,91,49,0.87,256.65,2024-07-28 15:00
I000740,Savory Bites,Veggies,2024-07-28,2024-07-28,273,102,66,1.94,529.62,2024-07-28 19:00
I000741,Savory Bites,Consumables,2024-07-28,2024-07-30,63,70,70,3.25,204.75,2024-07-28 00:00
I000742,Urban Feast,Coffee Powder,2024-07-28,2024-07-28,153,43,33,0.8,122.4,2024-07-28 01:00
I000743,Urban Feast,Veggies,2024-07-28,2024-07-30,65,109,52,1.57,102.05,2024-07-28 02:00
I000744,Urban Feast,Consumables,2024-07-28,2024-07-29,158,134,55,2.17,342.86,2024-07-28 19:00
I000745,Gourmet Haven,Coffee Powder,2024-07-28,2024-07-28,187,117,55,0.84,157.08,2024-07-28 03:00
I000746,Gourmet Haven,Veggies,2024-07-28,2024-07-28,175,38,49,1.5,262.5,2024-07-28 23:00
I000747,Gourmet Haven,Consumables,2024-07-28,2024-07-30,67,72,38,3.16,211.72,2024-07-28 02:00
I000748,Savory Bites,Coffee Powder,2024-08-04,2024-08-04,300,95,59,0.73,219.0,2024-08-04 06:00
I000749,Savory Bites,Veggies,2024-08-04,2024-08-04,211,22,64,1.92,405.12,2024-08-04 16:00
I000750,Savory Bites,Consumables,2024-08-04,2024-08-05,231,72,40,3.53,815.43,2024-08-04 07:00
I000751,Urban Feast,Coffee Powder,2024-08-04,2024-08-05,278,97,68,0.54,150.12,2024-08-04 08:00
I000752,Urban Feast,Veggies,2024-08-04,2024-08-04,180,71,51,1.96,352.8,2024-08-04 22:00
I000753,Urban Feast,Consumables,2024-08-04,2024-08-06,163,68,33,2.8,456.4,2024-08-04 17:00
I000754,Gourmet Haven,Coffee Powder,2024-08-04,2024-08-06,53,40,58,0.98,51.94,2024-08-04 10:00
I000755,Gourmet Haven,Veggies,2024-08-04,2024-08-06,78,108,57,1.21,94.38,2024-08-04 18:00
I000756,Gourmet Haven,Consumables,2024-08-04,2024-08-05,185,47,56,3.76,695.6,2024-08-04 02:00
I000757,Savory Bites,Coffee Powder,2024-08-11,2024-08-11,236,106,48,0.7,165.2,2024-08-11 08:00
I000758,Savory Bites,Veggies,2024-08-11,2024-08-13,115,50,49,1.54,177.1,2024-08-11 17:00
I000759,Savory Bites,Consumables,2024-08-11,2024-08-12,200,81,70,2.24,448.0,2024-08-11 07:00
I000760,Urban Feast,Coffee Powder,2024-08-11,2024-08-11,93,92,58,0.92,85.56,2024-08-11 06:00
I000761,Urban Feast,Veggies,2024-08-11,2024-08-13,117,55,55,1.12,131.04,2024-08-11 11:00
I000762,Urban Feast,Consumables,2024-08-11,2024-08-12,191,29,34,2.04,389.64,2024-08-11 14:00
I000763,Gourmet Haven,Coffee Powder,2024-08-11,2024-08-12,256,145,33,0.53,135.68,2024-08-11 08:00
I000764,Gourmet Haven,Veggies,2024-08-11,2024-08-12,297,79,41,1.38,409.86,2024-08-11 11:00
I000765,Gourmet Haven,Consumables,2024-08-11,2024-08-12,61,33,63,3.31,201.91,2024-08-11 15:00
I000766,Savory Bites,Coffee Powder,2024-08-18,2024-08-18,261,75,56,0.64,167.04,2024-08-18 05:00
I000767,Savory Bites,Veggies,2024-08-18,2024-08-19,86,107,64,1.11,95.46,2024-08-18 10:00
I000768,Savory Bites,Consumables,2024-08-18,2024-08-19,249,77,67,3.63,903.87,2024-08-18 03:00
I000769,Urban Feast,Coffee Powder,2024-08-18,2024-08-20,80,129,49,0.56,44.8,2024-08-18 02:00
I000770,Urban Feast,Veggies,2024-08-18,2024-08-20,106,70,52,1.96,207.76,2024-08-18 00:00
I000771,Urban Feast,Consumables,2024-08-18,2024-08-19,97,127,35,3.34,323.98,2024-08-18 23:00
I000772,Gourmet Haven,Coffee Powder,2024-08-18,2024-08-20,80,93,30,0.73,58.4,2024-08-18 15:00
I000773,Gourmet Haven,Veggies,2024-08-18,2024-08-20,152,126,50,1.71,259.92,2024-08-18 11:00
I000774,Gourmet Haven,Consumables,2024-08-18,2024-08-20,88,125,67,3.35,294.8,2024-08-18 16:00
I000775,Savory Bites,Coffee Powder,2024-08-25,2024-08-25,211,95,46,0.89,187.79,2024-08-25 02:00
I000776,Savory Bites,Veggies,2024-08-25,2024-08-25,64,126,43,1.03,65.92,2024-08-25 04:00
I000777,Savory Bites,Consumables,2024-08-25,2024-08-25,208,60,67,3.22,669.76,2024-08-25 09:00
I000778,Urban Feast,Coffee Powder,2024-08-25,2024-08-27,296,117,43,0.67,198.32,2024-08-25 03:00
I000779,Urban Feast,Veggies,2024-08-25,2024-08-26,147,21,43,1.46,214.62,2024-08-25 12:00
I000780,Urban Feast,Consumables,2024-08-25,2024-08-27,53,51,39,3.34,177.02,2024-08-25 08:00
I000781,Gourmet Haven,Coffee Powder,2024-08-25,2024-08-27,83,147,53,0.55,45.65,2024-08-25 13:00
I000782,Gourmet Haven,Veggies,2024-08-25,2024-08-27,287,50,48,1.08,309.96,2024-08-25 23:00
I000783,Gourmet Haven,Consumables,2024-08-25,2024-08-25,133,31,56,3.17,421.61,2024-08-25 15:00
I000784,Savory Bites,Coffee Powder,2024-09-01,2024-09-01,190,54,58,0.5,95.0,2024-09-01 04:00
I000785,Savory Bites,Veggies,2024-09-01,2024-09-02,83,136,34,1.18,97.94,2024-09-01 17:00
I000786,Savory Bites,Consumables,2024-09-01,2024-09-02,56,150,50,2.34,131.04,2024-09-01 21:00
I000787,Urban Feast,Coffee Powder,2024-09-01,2024-09-01,179,54,33,0.98,175.42,2024-09-01 08:00
I000788,Urban Feast,Veggies,2024-09-01,2024-09-02,222,103,70,1.46,324.12,2024-09-01 18:00
I000789,Urban Feast,Consumables,2024-09-01,2024-09-02,67,137,37,2.35,157.45,2024-09-01 08:00
I000790,Gourmet Haven,Coffee Powder,2024-09-01,2024-09-03,236,140,35,0.89,210.04,2024-09-01 22:00
I000791,Gourmet Haven,Veggies,2024-09-01,2024-09-03,226,50,37,1.72,388.72,2024-09-01 06:00
I000792,Gourmet Haven,Consumables,2024-09-01,2024-09-03,234,149,46,3.53,826.02,2024-09-01 15:00
I000793,Savory Bites,Coffee Powder,2024-09-08,2024-09-08,234,48,30,0.54,126.36,2024-09-08 21:00
I000794,Savory Bites,Veggies,2024-09-08,2024-09-09,151,74,47,1.15,173.65,2024-09-08 05:00
I000795,Savory Bites,Consumables,2024-09-08,2024-09-09,190,91,59,2.74,520.6,2024-09-08 08:00
I000796,Urban Feast,Coffee Powder,2024-09-08,2024-09-10,116,139,44,0.61,70.76,2024-09-08 16:00
I000797,Urban Feast,Veggies,2024-09-08,2024-09-09,270,147,39,1.38,372.6,2024-09-08 19:00
I000798,Urban Feast,Consumables,2024-09-08,2024-09-08,226,78,70,3.64,822.64,2024-09-08 18:00
I000799,Gourmet Haven,Coffee Powder,2024-09-08,2024-09-08,87,60,51,0.7,60.9,2024-09-08 16:00
I000800,Gourmet Haven,Veggies,2024-09-08,2024-09-08,177,75,43,1.67,295.59,2024-09-08 22:00
I000801,Gourmet Haven,Consumables,2024-09-08,2024-09-08,140,132,47,3.01,421.4,2024-09-08 11:00
I000802,Savory Bites,Coffee Powder,2024-09-15,2024-09-15,120,104,62,0.57,68.4,2024-09-15 06:00
I000803,Savory Bites,Veggies,2024-09-15,2024-09-17,179,111,64,1.05,187.95,2024-09-15 03:00
I000804,Savory Bites,Consumables,2024-09-15,2024-09-16,139,115,66,2.24,311.36,2024-09-15 13:00
I000805,Urban Feast,Coffee Powder,2024-09-15,2024-09-16,294,148,69,0.71,208.74,2024-09-15 17:00
I000806,Urban Feast,Veggies,2024-09-15,2024-09-17,200,61,33,1.3,260.0,2024-09-15 09:00
I000807,Urban Feast,Consumables,2024-09-15,2024-09-17,224,35,32,2.22,497.28,2024-09-15 11:00
I000808,Gourmet Haven,Coffee Powder,2024-09-15,2024-09-17,177,27,42,0.93,164.61,2024-09-15 00:00
I000809,Gourmet Haven,Veggies,2024-09-15,2024-09-15,80,133,49,1.04,83.2,2024-09-15 14:00
I000810,Gourmet Haven,Consumables,2024-09-15,2024-09-17,242,39,39,2.24,542.08,2024-09-15 19:00
I000811,Savory Bites,Coffee Powder,2024-09-22,2024-09-22,154,81,35,0.6,92.4,2024-09-22 22:00
I000812,Savory Bites,Veggies,2024-09-22,2024-09-22,82,125,45,1.88,154.16,2024-09-22 11:00
I000813,Savory Bites,Consumables,2024-09-22,2024-09-23,169,40,35,2.77,468.13,2024-09-22 18:00
I000814,Urban Feast,Coffee Powder,2024-09-22,2024-09-22,95,128,49,0.69,65.55,2024-09-22 23:00
I000815,Urban Feast,Veggies,2024-09-22,2024-09-23,299,72,59,1.7,508.3,2024-09-22 16:00
I000816,Urban Feast,Consumables,2024-09-22,2024-09-24,142,50,35,2.92,414.64,2024-09-22 09:00
I000817,Gourmet Haven,Coffee Powder,2024-09-22,2024-09-22,126,93,32,1.0,126.0,2024-09-22 06:00
I000818,Gourmet Haven,Veggies,2024-09-22,2024-09-23,108,131,61,1.33,143.64,2024-09-22 13:00
I000819,Gourmet Haven,Consumables,2024-09-22,2024-09-24,77,76,36,2.08,160.16,2024-09-22 13:00
I000820,Savory Bites,Coffee Powder,2024-09-29,2024-10-01,289,77,66,0.69,199.41,2024-09-29 20:00
I000821,Savory Bites,Veggies,2024-09-29,2024-09-30,181,92,66,1.01,182.81,2024-09-29 07:00
I000822,Savory Bites,Consumables,2024-09-29,2024-09-30,281,22,54,2.37,665.97,2024-09-29 18:00
I000823,Urban Feast,Coffee Powder,2024-09-29,2024-10-01,215,106,33,0.74,159.1,2024-09-29 17:00
I000824,Urban Feast,Veggies,2024-09-29,2024-10-01,236,51,36,1.92,453.12,2024-09-29 23:00
I000825,Urban Feast,Consumables,2024-09-29,2024-09-30,133,133,31,3.51,466.83,2024-09-29 16:00
I000826,Gourmet Haven,Coffee Powder,2024-09-29,2024-10-01,81,20,68,0.69,55.89,2024-09-29 20:00
I000827,Gourmet Haven,Veggies,2024-09-29,2024-10-01,282,143,49,1.8,507.6,2024-09-29 16:00
I000828,Gourmet Haven,Consumables,2024-09-29,2024-10-01,122,150,53,3.96,483.12,2024-09-29 00:00
I000829,Savory Bites,Coffee Powder,2024-10-06,2024-10-06,280,109,53,0.63,176.4,2024-10-06 22:00
I000830,Savory Bites,Veggies,2024-10-06,2024-10-06,135,120,64,1.69,228.15,2024-10-06 11:00
I000831,Savory Bites,Consumables,2024-10-06,2024-10-08,117,109,68,2.49,291.33,2024-10-06 20:00
I000832,Urban Feast,Coffee Powder,2024-10-06,2024-10-08,258,124,52,0.95,245.1,2024-10-06 13:00
I000833,Urban Feast,Veggies,2024-10-06,2024-10-06,227,111,32,1.91,433.57,2024-10-06 12:00
I000834,Urban Feast,Consumables,2024-10-06,2024-10-08,220,106,32,2.22,488.4,2024-10-06 01:00
I000835,Gourmet Haven,Coffee Powder,2024-10-06,2024-10-07,297,64,55,0.94,279.18,2024-10-06 13:00
I000836,Gourmet Haven,Veggies,2024-10-06,2024-10-06,200,72,42,1.97,394.0,2024-10-06 17:00
I000837,Gourmet Haven,Consumables,2024-10-06,2024-10-07,81,112,57,3.34,270.54,2024-10-06 18:00
I000838,Savory Bites,Coffee Powder,2024-10-13,2024-10-15,174,53,54,0.78,135.72,2024-10-13 21:00
I000839,Savory Bites,Veggies,2024-10-13,2024-10-14,137,75,62,1.82,249.34,2024-10-13 20:00
I000840,Savory Bites,Consumables,2024-10-13,2024-10-14,251,132,70,3.7,928.7,2024-10-13 10:00
I000841,Urban Feast,Coffee Powder,2024-10-13,2024-10-14,250,81,55,0.67,167.5,2024-10-13 11:00
I000842,Urban Feast,Veggies,2024-10-13,2024-10-14,203,61,48,1.5,304.5,2024-10-13 09:00
I000843,Urban Feast,Consumables,2024-10-13,2024-10-14,222,64,63,3.02,670.44,2024-10-13 15:00
I000844,Gourmet Haven,Coffee Powder,2024-10-13,2024-10-14,225,144,50,0.51,114.75,2024-10-13 07:00
I000845,Gourmet Haven,Veggies,2024-10-13,2024-10-13,229,113,54,1.64,375.56,2024-10-13 01:00
I000846,Gourmet Haven,Consumables,2024-10-13,2024-10-13,180,53,31,3.28,590.4,2024-10-13 03:00
I000847,Savory Bites,Coffee Powder,2024-10-20,2024-10-21,64,31,50,0.81,51.84,2024-10-20 21:00
I000848,Savory Bites,Veggies,2024-10-20,2024-10-20,243,26,52,1.95,473.85,2024-10-20 18:00
I000849,Savory Bites,Consumables,2024-10-20,2024-10-22,63,41,58,2.88,181.44,2024-10-20 22:00
I000850,Urban Feast,Coffee Powder,2024-10-20,2024-10-22,235,150,51,0.98,230.3,2024-10-20 05:00
I000851,Urban Feast,Veggies,2024-10-20,2024-10-21,89,91,45,1.01,89.89,2024-10-20 06:00
I000852,Urban Feast,Consumables,2024-10-20,2024-10-22,85,150,68,2.7,229.5,2024-10-20 04:00
I000853,Gourmet Haven,Coffee Powder,2024-10-20,2024-10-21,280,136,62,0.73,204.4,2024-10-20 12:00
I000854,Gourmet Haven,Veggies,2024-10-20,2024-10-21,55,91,45,1.6,88.0,2024-10-20 19:00
I000855,Gourmet Haven,Consumables,2024-10-20,2024-10-22,165,67,59,2.22,366.3,2024-10-20 00:00
I000856,Savory Bites,Coffee Powder,2024-10-27,2024-10-29,264,31,32,0.52,137.28,2024-10-27 02:00
I000857,Savory Bites,Veggies,2024-10-27,2024-10-29,179,82,50,1.36,243.44,2024-10-27 07:00
I000858,Savory Bites,Consumables,2024-10-27,2024-10-27,115,97,60,3.54,407.1,2024-10-27 10:00
I000859,Urban Feast,Coffee Powder,2024-10-27,2024-10-27,271,29,61,0.93,252.03,2024-10-27 07:00
I000860,Urban Feast,Veggies,2024-10-27,2024-10-28,110,150,63,1.03,113.3,2024-10-27 19:00
I000861,Urban Feast,Consumables,2024-10-27,2024-10-29,85,66,53,3.96,336.6,2024-10-27 21:00
I000862,Gourmet Haven,Coffee Powder,2024-10-27,2024-10-29,82,123,47,0.55,45.1,2024-10-27 14:00
I000863,Gourmet Haven,Veggies,2024-10-27,2024-10-29,77,97,52,1.73,133.21,2024-10-27 09:00
I000864,Gourmet Haven,Consumables,2024-10-27,2024-10-29,300,54,53,3.17,951.0,2024-10-27 09:00
I000865,Savory Bites,Coffee Powder,2024-11-03,2024-11-04,118,70,63,0.55,64.9,2024-11-03 23:00
I000866,Savory Bites,Veggies,2024-11-03,2024-11-03,94,59,39,1.27,119.38,2024-11-03 06:00
I000867,Savory Bites,Consumables,2024-11-03,2024-11-03,143,29,70,3.12,446.16,2024-11-03 18:00
I000868,Urban Feast,Coffee Powder,2024-11-03,2024-11-04,59,49,68,0.51,30.09,2024-11-03 08:00
I000869,Urban Feast,Veggies,2024-11-03,2024-11-05,65,111,34,1.23,79.95,2024-11-03 10:00
I000870,Urban Feast,Consumables,2024-11-03,2024-11-03,67,134,38,3.73,249.91,2024-11-03 03:00
I000871,Gourmet Haven,Coffee Powder,2024-11-03,2024-11-05,246,105,64,0.85,209.1,2024-11-03 19:00
I000872,Gourmet Haven,Veggies,2024-11-03,2024-11-05,207,37,30,1.98,409.86,2024-11-03 23:00
I000873,Gourmet Haven,Consumables,2024-11-03,2024-11-04,70,122,52,3.97,277.9,2024-11-03 11:00
I000874,Savory Bites,Coffee Powder,2024-11-10,2024-11-11,107,49,47,0.88,94.16,2024-11-10 10:00
I000875,Savory Bites,Veggies,2024-11-10,2024-11-12,113,54,33,1.95,220.35,2024-11-10 22:00
I000876,Savory Bites,Consumables,2024-11-10,2024-11-12,296,80,49,3.7,1095.2,2024-11-10 09:00
I000877,Urban Feast,Coffee Powder,2024-11-10,2024-11-11,201,148,47,0.54,108.54,2024-11-10 04:00
I000878,Urban Feast,Veggies,2024-11-10,2024-11-12,240,83,38,1.82,436.8,2024-11-10 01:00
I000879,Urban Feast,Consumables,2024-11-10,2024-11-10,268,32,31,3.03,812.04,2024-11-10 19:00
I000880,Gourmet Haven,Coffee Powder,2024-11-10,2024-11-10,100,81,38,0.76,76.0,2024-11-10 00:00
I000881,Gourmet Haven,Veggies,2024-11-10,2024-11-12,188,54,69,1.55,291.4,2024-11-10 11:00
I000882,Gourmet Haven,Consumables,2024-11-10,2024-11-10,239,68,66,3.94,941.66,2024-11-10 01:00
I000883,Savory Bites,Coffee Powder,2024-11-17,2024-11-19,75,44,42,0.66,49.5,2024-11-17 04:00
I000884,Savory Bites,Veggies,2024-11-17,2024-11-17,268,64,50,1.91,511.88,2024-11-17 12:00
I000885,Savory Bites,Consumables,2024-11-17,2024-11-19,281,121,48,3.28,921.68,2024-11-17 11:00
I000886,Urban Feast,Coffee Powder,2024-11-17,2024-11-17,144,145,50,0.98,141.12,2024-11-17 00:00
I000887,Urban Feast,Veggies,2024-11-17,2024-11-18,102,21,34,1.68,171.36,2024-11-17 04:00
I000888,Urban Feast,Consumables,2024-11-17,2024-11-18,180,21,68,3.19,574.2,2024-11-17 00:00
I000889,Gourmet Haven,Coffee Powder,2024-11-17,2024-11-17,169,94,66,0.99,167.31,2024-11-17 07:00
I000890,Gourmet Haven,Veggies,2024-11-17,2024-11-19,273,95,49,1.59,434.07,2024-11-17 13:00
I000891,Gourmet Haven,Consumables,2024-11-17,2024-11-17,125,55,34,2.43,303.75,2024-11-17 20:00
I000892,Savory Bites,Coffee Powder,2024-11-24,2024-11-24,230,128,58,0.93,213.9,2024-11-24 13:00
I000893,Savory Bites,Veggies,2024-11-24,2024-11-25,206,45,43,1.55,319.3,2024-11-24 13:00
I000894,Savory Bites,Consumables,2024-11-24,2024-11-25,106,124,46,3.62,383.72,2024-11-24 01:00
I000895,Urban Feast,Coffee Powder,2024-11-24,2024-11-24,186,144,57,0.55,102.3,2024-11-24 22:00
I000896,Urban Feast,Veggies,2024-11-24,2024-11-26,104,65,62,1.87,194.48,2024-11-24 19:00
I000897,Urban Feast,Consumables,2024-11-24,2024-11-26,110,58,60,3.93,432.3,2024-11-24 22:00
I000898,Gourmet Haven,Coffee Powder,2024-11-24,2024-11-26,227,120,54,0.81,183.87,2024-11-24 15:00
I000899,Gourmet Haven,Veggies,2024-11-24,2024-11-25,295,20,49,1.43,421.85,2024-11-24 15:00
I000900,Gourmet Haven,Consumables,2024-11-24,2024-11-25,189,61,69,2.52,476.28,2024-11-24 19:00
I000901,Savory Bites,Coffee Powder,2024-12-01,2024-12-01,233,55,35,0.57,132.81,2024-12-01 15:00
I000902,Savory Bites,Veggies,2024-12-01,2024-12-01,99,70,63,1.47,145.53,2024-12-01 08:00
I000903,Savory Bites,Consumables,2024-12-01,2024-12-01,175,117,62,2.56,448.0,2024-12-01 05:00
I000904,Urban Feast,Coffee Powder,2024-12-01,2024-12-02,96,37,58,0.94,90.24,2024-12-01 02:00
I000905,Urban Feast,Veggies,2024-12-01,2024-12-02,88,100,36,1.51,132.88,2024-12-01 09:00
I000906,Urban Feast,Consumables,2024-12-01,2024-12-01,134,41,55,3.87,518.58,2024-12-01 22:00
I000907,Gourmet Haven,Coffee Powder,2024-12-01,2024-12-01,284,84,66,0.65,184.6,2024-12-01 11:00
I000908,Gourmet Haven,Veggies,2024-12-01,2024-12-03,77,113,67,1.24,95.48,2024-12-01 13:00
I000909,Gourmet Haven,Consumables,2024-12-01,2024-12-03,138,35,55,3.08,425.04,2024-12-01 19:00
I000910,Savory Bites,Coffee Powder,2024-12-08,2024-12-08,150,99,59,0.79,118.5,2024-12-08 16:00
I000911,Savory Bites,Veggies,2024-12-08,2024-12-09,146,148,43,1.83,267.18,2024-12-08 15:00
I000912,Savory Bites,Consumables,2024-12-08,2024-12-10,157,65,65,2.25,353.25,2024-12-08 15:00
I000913,Urban Feast,Coffee Powder,2024-12-08,2024-12-08,266,121,49,0.51,135.66,2024-12-08 18:00
I000914,Urban Feast,Veggies,2024-12-08,2024-12-08,294,35,42,1.11,326.34,2024-12-08 11:00
I000915,Urban Feast,Consumables,2024-12-08,2024-12-09,149,97,32,3.24,482.76,2024-12-08 23:00
I000916,Gourmet Haven,Coffee Powder,2024-12-08,2024-12-10,69,106,63,0.83,57.27,2024-12-08 03:00
I000917,Gourmet Haven,Veggies,2024-12-08,2024-12-08,175,47,59,1.56,273.0,2024-12-08 10:00
I000918,Gourmet Haven,Consumables,2024-12-08,2024-12-09,219,25,68,3.33,729.27,2024-12-08 03:00
I000919,Savory Bites,Coffee Powder,2024-12-15,2024-12-16,73,118,55,0.86,62.78,2024-12-15 03:00
I000920,Savory Bites,Veggies,2024-12-15,2024-12-16,116,119,66,1.1,127.6,2024-12-15 10:00
I000921,Savory Bites,Consumables,2024-12-15,2024-12-16,145,116,60,3.8,551.0,2024-12-15 01:00
I000922,Urban Feast,Coffee Powder,2024-12-15,2024-12-16,80,70,32,0.67,53.6,2024-12-15 03:00
I000923,Urban Feast,Veggies,2024-12-15,2024-12-17,300,130,65,1.23,369.0,2024-12-15 19:00
I000924,Urban Feast,Consumables,2024-12-15,2024-12-17,139,102,62,2.63,365.57,2024-12-15 11:00
I000925,Gourmet Haven,Coffee Powder,2024-12-15,2024-12-17,161,150,66,0.61,98.21,2024-12-15 16:00
I000926,Gourmet Haven,Veggies,2024-12-15,2024-12-16,280,52,68,1.82,509.6,2024-12-15 12:00
I000927,Gourmet Haven,Consumables,2024-12-15,2024-12-17,176,135,35,3.24,570.24,2024-12-15 14:00
I000928,Savory Bites,Coffee Powder,2024-12-22,2024-12-23,288,57,66,0.92,264.96,2024-12-22 15:00
I000929,Savory Bites,Veggies,2024-12-22,2024-12-22,98,89,55,1.07,104.86,2024-12-22 07:00
I000930,Savory Bites,Consumables,2024-12-22,2024-12-23,222,95,66,2.28,506.16,2024-12-22 04:00
I000931,Urban Feast,Coffee Powder,2024-12-22,2024-12-23,72,88,55,0.68,48.96,2024-12-22 04:00
I000932,Urban Feast,Veggies,2024-12-22,2024-12-24,280,22,34,1.18,330.4,2024-12-22 09:00
I000933,Urban Feast,Consumables,2024-12-22,2024-12-23,291,146,56,2.69,782.79,2024-12-22 22:00
I000934,Gourmet Haven,Coffee Powder,2024-12-22,2024-12-24,108,120,30,0.92,99.36,2024-12-22 10:00
I000935,Gourmet Haven,Veggies,2024-12-22,2024-12-23,231,85,69,1.39,321.09,2024-12-22 02:00
I000936,Gourmet Haven,Consumables,2024-12-22,2024-12-22,220,102,61,2.82,620.4,2024-12-22 11:00
I000937,Savory Bites,Coffee Powder,2024-12-29,2024-12-31,168,107,49,0.73,122.64,2024-12-29 13:00
I000938,Savory Bites,Veggies,2024-12-29,2024-12-30,250,125,38,1.56,390.0,2024-12-29 15:00
I000939,Savory Bites,Consumables,2024-12-29,2024-12-29,125,87,33,2.66,332.5,2024-12-29 07:00
I000940,Urban Feast,Coffee Powder,2024-12-29,2024-12-30,187,30,47,0.71,132.77,2024-12-29 21:00
I000941,Urban Feast,Veggies,2024-12-29,2024-12-29,164,101,55,1.99,326.36,2024-12-29 12:00
I000942,Urban Feast,Consumables,2024-12-29,2024-12-29,226,46,30,3.92,885.92,2024-12-29 04:00
I000943,Gourmet Haven,Coffee Powder,2024-12-29,2024-12-30,229,22,59,0.83,190.07,2024-12-29 05:00
I000944,Gourmet Haven,Veggies,2024-12-29,2024-12-31,236,42,52,1.8,424.8,2024-12-29 15:00
I000945,Gourmet Haven,Consumables,2024-12-29,2024-12-29,250,36,59,3.77,942.5,2024-12-29 20:00
